Area,State,Year,Total,Mining_and_Logging,Construction,Manufacturing,Trade_transportation_and_utilities,Information,Financial_activities,Professional_and_business services,Education_and_health_services,Leisure_and_hospitality,Other_services,Government
"Abilene, TX",Texas,2018,70.3,,5,3.2,13.6,1.1,4.1,5.5,14.7,7.9,2.6,12.7
"Akron, OH",Ohio,2018,339.9,,14.4,39.4,67.2,4.8,15.7,51.1,55.2,34.2,13.3,44.7
"Albany, GA",Oregon,2018,46.4,0.4,3.1,8.3,10.2,0.4,1.5,3.1,6.8,3.9,1.5,7.1
"Albany-Lebanon, OR",Georgia,2018,62.2,,,,12.4,,,,,,,12.3
"Albany-Schenectady-Troy, NY",New York,2018,471.7,,19.7,26.7,74.6,8.6,26.6,56.5,96.4,41.6,19.4,101.6
"Albuquerque, NM",New Mexico,2018,393.7,,23.9,16,63.8,6.5,18.9,61.8,64.9,44.1,12.1,81.8
"Alexandria, LA",Louisiana,2018,62,,,,11.1,,,,,,,13.8
"Allentown-Bethlehem-Easton, PA-NJ",Pennsylvania,2018,375.1,,13.6,38.6,85.3,5.4,13.9,48.6,77.8,37.6,14.5,39.7
"Altoona, PA",Pennsylvania,2018,61.2,,3.1,7.4,14.3,0.9,1.5,5.4,12.6,5.6,2.7,7.8
"Amarillo, TX",Texas,2018,120.4,,7.3,13.5,25.7,1.3,6.7,8.9,16.8,13.8,4.9,21.5
"Ames, IA",Iowa,2018,53.5,,,,,,,,,,,21.4
"Anchorage, AK",Alaska,2018,176.1,2.7,9.8,2.3,38,4,8,19,31.6,20.4,6.4,34
"Ann Arbor, MI",Michigan,2018,224.6,,4.4,15,26.2,5.6,7,30.1,28.9,18.3,6.4,82.6
"Anniston-Oxford, AL",Alabama,2018,47.2,,1.1,6.6,9,0.4,1.3,4.5,4.9,5.1,1.7,12.6
"Appleton, WI",Wisconsin,2018,126.2,,9,23.9,24.1,1.5,6.9,13.5,15.4,12.1,7.3,12.5
"Asheville, NC",North Carolina,2018,195.4,,9.6,22,36,2,6.5,18.1,38.1,29.2,8.7,25.4
"Athens-Clarke County, GA",Georgia,2018,98.3,,,,16.5,,,8.7,,11.1,,29.6
"Atlanta-Sandy Springs-Alpharetta, GA",Georgia,2018,2785.9,1.6,125.3,168.7,592.7,100.2,173.1,535.4,356.5,297.6,100.8,333.9
"Atlantic City-Hammonton, NJ",New Jersey,2018,130.9,,5.9,2.3,20.9,0.8,3.7,10.5,21.1,39.7,5.4,20.8
"Auburn-Opelika, AL",Alabama,2018,65.5,,2.5,6.6,11.9,0.5,2,7.3,4.6,8.8,2.4,18.9
"Augusta-Richmond County, GA-SC",Georgia,2018,239.6,,18.7,22,40,2.5,6.5,33.9,34,26.8,8.3,46.8
"Austin-Round Rock-Georgetown, TX",Texas,2018,1075.6,,64.5,60.7,179.7,34.7,63,187.7,125.3,130.7,46.3,183
"Bakersfield, CA",California,2018,266.8,9.3,15.9,13.2,53.3,2,7.6,26.7,38.1,26.7,7.9,66.1
"Baltimore-Columbia-Towson, MD",Maryland,2018,1417.3,,80.6,57.7,246.5,17.3,80.1,239,278.3,138.9,52,227
"Bangor, ME",Maine,2018,67.5,0.2,3.3,2.4,13.8,0.8,2.3,6.6,16.2,6.8,2.2,12.8
"Barnstable Town, MA",Massachusetts,2018,106.9,,6.9,3.3,21.6,1.5,3.9,9.4,20.1,19.7,4.6,15.9
"Baton Rouge, LA",Louisiana,2018,412,0.9,54.8,29.7,70.8,5.2,18.4,47.7,53.6,40.1,16.7,74.2
"Battle Creek, MI",Michigan,2018,58.4,,1.7,11.8,8.9,,1.2,6.3,11,4.4,2,10.7
"Bay City, MI",Michigan,2018,35.3,,1.3,4.5,7.5,0.4,1.3,2.6,6.6,4.4,1.3,5.5
"Beaumont-Port Arthur, TX",Texas,2018,164.1,,20.5,21.9,31.6,1.1,5.7,14.5,21.5,16.2,6.3,24.8
"Beckley, WV",West Virginia,2018,44.2,,,,,,,,,,,8.6
"Bellingham, WA",Washington,2018,94.9,,8.4,10.5,16.6,,3.8,8.3,,10.7,,18.2
"Bend, OR",Oregon,2018,84.9,,7.1,5.7,16,1.9,4.7,10.3,13.8,13,3,9.5
"Billings, MT",Montana,2018,85.4,,,,20.6,,,8.9,15.2,12,,9.6
"Binghamton, NY",New York,2018,104,,4.1,11.4,18.9,1.5,3.6,9,17.2,10.8,5.5,22
"Birmingham-Hoover, AL",Alabama,2018,539.2,2.8,27.9,39,109,7.5,42,69.2,74,52.8,30.8,84.2
"Bismarck, ND",North Dakota,2018,72.5,,4.7,1.7,14.2,0.9,3.4,7.7,14.1,7.4,3,15.4
"Blacksburg-Christiansburg, VA",Virginia,2018,77.7,,,,,,,,,,,24.7
"Bloomington, IL",Illinois,2018,93.2,,2.8,3.4,14.4,0.5,19.7,9.7,11,11.8,3.6,16.4
"Bloomington, IN",Indiana,2018,77.7,,2.7,9,10.2,1.1,3,5.2,10,8.8,2.4,25.3
"Bloomsburg-Berwick, PA",Pennsylvania,2018,42.8,,1.5,5.4,6.2,,,4.3,11.7,3.6,,6.1
"Boise City, ID",Idaho,2018,332.2,,24.4,29.2,63.3,4.1,18.5,50.1,48.5,34.6,11.8,47.8
"Boulder, CO",Colorado,2018,194.7,,5.8,19.1,25.8,8.2,7.2,35.8,26.2,21.5,6.2,38.9
"Bowling Green, KY",Kentucky,2018,76.9,,3.2,12.9,14,,,9.5,10.8,9,,12
"Bremerton-Silverdale-Port Orchard, WA",Washington,2018,93.3,,5,2.8,14,,,8.1,,9.7,,33.1
"Brownsville-Harlingen, TX",Texas,2018,142.2,,2.9,5.5,25.8,0.7,5.2,12.4,40.4,15.9,3,30.4
"Brunswick, GA",Georgia,2018,44.1,,,,8.8,,,,,,,8.6
"Buffalo-Cheektowaga, NY",New York,2018,564.7,,20.9,52.3,100.7,7.4,36.6,72.2,98.7,61,25.3,89.7
"Burlington, NC",North Carolina,2018,62.6,,3,9.3,13.2,0.4,1.8,5,12.6,8.1,2.2,7
"Burlington-South Burlington, VT",Vermont,2018,125.9,,6,12.8,22.2,2.2,4.7,14.9,22.7,13.2,4.2,22.9
"California-Lexington Park, MD",Maryland,2018,46.2,,,,,,,,,,,14.9
"Canton-Massillon, OH",Ohio,2018,173.8,,9,26.9,31.1,1.6,7.5,15.8,33.7,19.5,8.5,20.2
"Cape Coral-Fort Myers, FL",Florida,2018,271.1,,30.7,6.3,54.1,2.8,13.6,37.2,30.1,41.9,11.6,42.9
"Cape Girardeau, MO-IL",Missouri,2018,44.8,,,,,,,,,,,6.3
"Carbondale-Marion, IL",Illinois,2018,57.7,,,,,,,,,,,16.9
"Carson City, NV",Nevada,2018,30.1,,,2.6,4.2,,,2.1,,3.6,,9.6
"Casper, WY",Wyoming,2018,39,2.8,2.6,1.6,8.7,0.4,2,2.8,6,4.6,1.8,5.7
"Cedar Rapids, IA",Iowa,2018,145.2,,8.1,19.8,32,3.9,10.8,15.3,21.2,12.3,5.1,16.7
"Chambersburg-Waynesboro, PA",Pennsylvania,2018,61.4,,2.3,9.2,15.2,,,6.2,10.6,5.3,,7.8
"Champaign-Urbana, IL",Illinois,2018,113.6,,3.6,7.6,16.7,2.3,4.8,9.3,15.4,11.8,3.3,38.8
"Charleston, WV",West Virginia,2018,110.7,,7.1,3.5,18.3,1.6,7.1,14.3,20.9,10.2,4,23.7
"Charleston-North Charleston, SC",South Carolina,2018,367,,21.8,28.1,66.8,5.4,15.7,58.2,41.7,49.1,14.5,65.8
"Charlotte-Concord-Gastonia, NC-SC",North Carolina,2018,1208.1,,64.7,109.6,243.3,23.8,99.4,206.7,123.7,140.5,44.3,152.2
"Charlottesville, VA",Virginia,2018,118.5,,5.9,4,14.9,2.1,4.8,15.6,14.1,14.1,5.9,37.1
"Chattanooga, TN-GA",Tennessee,2018,263,,11.1,34.1,53.1,2.5,21.1,27.4,34.5,29.5,12,37.7
"Cheyenne, WY",Wyoming,2018,46.9,,3.8,1.3,9.9,1,2.2,3.7,4.6,4.9,1.6,13.9
"Chicago-Naperville-Elgin, IL-IN-WI",Illinois,2018,4730.5,1.6,178.9,420.1,949.1,77.7,311.1,834,728.6,487.9,194.4,547.2
"Chico, CA",California,2018,82.5,,4.3,4.3,14.7,0.9,3.3,5.6,19.9,9.2,3.8,16.4
"Cincinnati, OH-KY-IN",Ohio,2018,1108.8,,47.7,118.6,219.6,13.9,73.8,170.2,166.6,125.4,41.8,131.3
"Clarksville, TN-KY",Tennessee,2018,91.6,,3.2,12.4,17.2,1.2,3.1,9.1,12.1,11.6,3.1,18.6
"Cleveland, TN",Tennessee,2018,46.8,,2.1,9.2,9.8,0.3,1.3,5.5,5.8,5.1,2.3,5.6
"Cleveland-Elyria, OH",Ohio,2018,1069.9,,38.2,123.7,182.2,13.8,67,158.8,203.8,105.3,39.7,137.6
"Coeur d'Alene, ID",Idaho,2018,65.5,0.2,5.4,4.8,12.2,0.7,3.9,7,8.4,9.3,2.3,11.5
"College Station-Bryan, TX",Texas,2018,119.7,,7.9,5.4,16.5,1.3,4,9.4,12.2,16.5,3.3,43.2
"Colorado Springs, CO",Colorado,2018,292.5,,17.9,11.8,44,5.8,18.5,45.5,39.6,38.8,17.6,53.2
"Columbia, MO",South Carolina,2018,399.8,,17.4,30.1,72.9,5.6,31.1,50.7,49.6,40.5,16.4,85.4
"Columbia, SC",Missouri,2018,100.4,,,,15.4,,,,,,,29.7
"Columbus, GA-AL",Georgia,2018,122.2,,4.7,11.1,18.1,1.3,13.2,14.6,15.7,14.8,4.3,24.5
"Columbus, IN",Indiana,2018,52.9,,1.8,19.9,7.9,0.3,1.5,5.7,4.4,4.1,1.4,6.1
"Columbus, OH",Ohio,2018,1100.3,,42.2,73.3,208.6,17.5,86,181.4,161.8,107.8,41.7,180
"Corpus Christi, TX",Texas,2018,193.2,,25.2,8.3,33.3,1.6,8.2,18.5,31.8,25.7,6.3,34.4
"Corvallis, OR",Oregon,2018,43.9,,1.5,3,4.6,0.6,1.6,4.4,7.3,4.3,1.4,15.2
"Crestview-Fort Walton Beach-Destin, FL",Florida,2018,115.6,,6.9,3,21.1,1.2,7,17,11.9,22.3,4.8,20.5
"Cumberland, MD-WV",Maryland,2018,39.1,,,,,,,,,,,8
"Dallas-Fort Worth-Arlington, TX",Texas,2018,3688.7,,219.3,279,782.6,83.1,303.5,618.2,451.5,385,124.1,442.4
"Dalton, GA",Georgia,2018,67.7,,,24.9,13.8,,,6.8,,,,6.9
"Danville, IL",Illinois,2018,27.4,,0.6,4.9,6.9,0.1,1.1,2,2.7,2.2,1.1,5.7
"Daphne-Fairhope-Foley, AL",Alabama,2018,77.9,,,,,,,,,,,9.7
"Davenport-Moline-Rock Island, IA-IL",Illinois,2018,186.1,,10,24,37.3,1.6,7.3,25.4,28.2,18.9,7.4,26
"Dayton-Kettering, OH",Ohio,2018,390.2,,13.1,43,66.2,8.1,18.3,52.3,74,39.3,13.8,62
"Decatur, AL",Alabama,2018,56.1,,3.9,13.1,10.2,0.2,2,5.7,5.2,5.3,2.1,8.2
"Decatur, IL",Illinois,2018,51.8,,3.1,11.1,10.6,0.4,1.9,2.7,8.8,5.1,2.3,5.8
"Deltona-Daytona Beach-Ormond Beach, FL",Florida,2018,204.1,,13.8,11.8,38.7,2.4,8.5,23.2,39.8,33,9,24
"Denver-Aurora-Lakewood, CO",Colorado,2018,1503,,108.4,69.8,273.6,50.7,111.4,271,188.7,169.3,57.7,202.4
"Des Moines-West Des Moines, IA",Iowa,2018,370.2,,20.4,20.8,69.4,6.8,56.3,49.5,53,36.5,13,44.6
"Detroit-Warren-Dearborn, MI",Michigan,2018,2033.4,,74.3,259.5,375.1,28.7,118,398.2,316.7,200.2,75.1,187.6
"Dothan, AL",Alabama,2018,58.8,,2.5,5.4,15.4,0.6,2,4.7,8.6,6.3,2.7,10.6
"Dover, DE",Delaware,2018,69.6,,2.6,5,13.6,0.4,1.7,5.2,11.2,8.2,2.7,19
"Dubuque, IA",Iowa,2018,60.6,,,,12.4,,,,,,,4.8
"Duluth, MN-WI",Minnesota,2018,137.5,,9.3,7.9,24.7,1.3,5.8,7.7,33,14.8,6.6,26.4
"Durham-Chapel Hill, NC",North Carolina,2018,321.3,,8.6,32.5,38.9,4.6,15.1,44.8,70.5,28,11.5,66.8
"East Stroudsburg, PA",Pennsylvania,2018,58.9,,1.9,5,12.5,,,4,7.9,11.9,,11.3
"Eau Claire, WI",Wisconsin,2018,87.3,,3.8,10.9,17.2,0.8,3.9,9.4,16.3,8.8,4.4,11.7
"El Centro, CA",California,2018,52.3,,1.8,1.4,12,0.3,1.3,3.1,8.4,4.3,0.9,18.9
"Elizabethtown-Fort Knox, KY",Texas,2018,318.4,,16,17.3,67.7,4.5,12.7,36,46.3,36.8,9.2,72
"Elkhart-Goshen, IN",Kentucky,2018,56.4,,1.9,8.1,9.2,,,5.5,5,5.8,,15.4
"Elmira, NY",Indiana,2018,142.1,,3.9,71.1,20,0.4,3,11,12.1,7.8,4.2,8.7
"El Paso, TX",New York,2018,37.1,,1.5,5.1,7.8,0.4,1.3,2,7.5,3.6,1.6,6.4
"Enid, OK",Oklahoma,2018,25.5,,,,,,,,,,,3.7
"Erie, PA",Pennsylvania,2018,128,,4.1,19.6,21.4,1.1,6.4,10.3,29,14.2,6,15.8
"Eugene-Springfield, OR",Oregon,2018,163.1,0.9,7.4,14.3,30.3,2.5,8.1,18.5,29.2,17.6,5.3,29.1
"Evansville, IN-KY",Indiana,2018,161.3,,10.6,23.5,31.2,1.8,5.4,20,28.5,16.2,7.7,16.5
"Fairbanks, AK",Alaska,2018,37.6,0.8,2.8,0.6,7.6,0.4,1.2,2.7,5.6,4.5,1,10.5
"Fargo, ND-MN",North Dakota,2018,143.3,,8.6,10.2,30.4,3,11.2,14,27.6,14.3,5,19.1
"Farmington, NM",New Mexico,2018,47.8,,,,,,,,,,,10.9
"Fayetteville, NC",North Carolina,2018,130.6,,5.6,8.4,23.7,1.2,3.8,11.6,15.5,16.4,4.6,39.8
"Fayetteville-Springdale-Rogers, AR",Arkansas,2018,258.3,,11.7,29.7,56,2,8.2,49.8,29.2,26.3,9.4,36.2
"Flagstaff, AZ",Arizona,2018,67.6,,2.5,3.6,9.6,0.4,1.4,3.3,9.3,15.6,1.7,20.1
"Flint, MI",Michigan,2018,138.4,,5.7,12.5,29.5,1.4,6.1,16.8,26.8,15.4,5.4,18.9
"Florence, SC",South Carolina,2018,91.5,,,,19.1,,,,,,,16.8
"Florence-Muscle Shoals, AL",Alabama,2018,57,,3.5,9.4,11.6,0.4,2.3,4.1,6.9,6.4,2.3,10
"Fond du Lac, WI",Wisconsin,2018,48.6,,3.2,11.4,8.9,0.9,1.9,2.7,7.5,4.1,2.5,5.6
"Fort Collins, CO",Colorado,2018,170.1,,11.7,14.3,27.5,3.1,7,20.1,18.1,21.8,6.3,40.2
"Fort Smith, AR-OK",Arkansas,2018,113.7,,5.3,17.7,23.2,1.2,4,13,17,9.4,4.7,18.3
"Fort Wayne, IN",Indiana,2018,224.8,,11.2,36.9,43.4,2.6,12,21.9,42.1,21.2,11.9,21.5
"Fresno, CA",California,2018,354.1,0.3,18.7,25.9,68.8,3.6,14.1,32.5,69.3,34.5,11.9,74.5
"Gadsden, AL",Alabama,2018,38,,1.1,5.5,6.8,0.3,1.3,4.3,7.9,4.1,1.6,5.3
"Gainesville, FL",Florida,2018,145.5,,5.9,4.7,21.2,1.6,6.8,14.9,26.4,16,4.4,43.6
"Gainesville, GA",Georgia,2018,92.3,,,,17.2,,,,,,,10.7
"Gettysburg, PA",Pennsylvania,2018,35.1,,1.8,7.5,5.4,,,,7,4.8,,4.1
"Glens Falls, NY",New York,2018,55.3,,2.6,6,9.4,0.9,1.8,5.4,8.6,7.8,2.4,10.4
"Goldsboro, NC",North Carolina,2018,41.5,,,,,,,,,,,9.1
"Grand Forks, ND-MN",North Dakota,2018,55.8,,2.9,4.3,11.2,0.6,2,3.3,9.7,6.1,2,13.7
"Grand Island, NE",Nebraska,2018,42.6,,,,,,,,,,,6.6
"Grand Junction, CO",Colorado,2018,64.3,,7,3.1,13.2,0.6,3.1,5.2,11.2,7.9,2.6,10.4
"Grand Rapids-Kentwood, MI",Michigan,2018,565.2,,24.9,118,97.5,6.6,26.4,79.1,93.3,49.8,22.2,47.4
"Grants Pass, OR",Oregon,2018,27.2,0.1,1.1,3,5.4,0.3,1.5,2.2,5.9,3.4,1,3.3
"Great Falls, MT",Montana,2018,35.8,,,,7.9,,,3.2,7.4,4.8,,5.5
"Greeley, CO",Colorado,2018,109.4,,20,13.7,19,0.7,4.5,10.6,10.3,9.5,3.6,17.7
"Green Bay, WI",Wisconsin,2018,180.6,,8.2,31.3,34.1,1.6,12.1,19.7,27,16.6,8.8,21.3
"Greensboro-High Point, NC",North Carolina,2018,360.8,,15.5,54.7,75.5,4.6,18.4,48.5,51.1,36.4,12.6,43.4
"Greenville, NC",North Carolina,2018,80.5,,3.4,6.5,11.6,0.7,2.9,6.8,9.6,9.6,2.3,27.2
"Greenville-Anderson, SC",South Carolina,2018,428.1,,18.8,58.5,77.3,7.3,18.9,73.2,51.8,45.9,14.7,61.8
"Gulfport-Biloxi, MS",Mississippi,2018,155,,8,17.3,24.6,1.3,5.3,15.3,13.2,31.1,5.4,33.3
"Hagerstown-Martinsburg, MD-WV",Maryland,2018,105.6,,4.7,8.9,27,2.1,6.4,9.4,16.3,10.2,2.8,17.8
"Hammond, LA",Louisiana,2018,45.9,,,,,,,,,,,11.8
"Hanford-Corcoran, CA",California,2018,40.8,,1,4.9,7.2,0.2,0.9,1.2,6.4,3.6,0.7,14.9
"Harrisburg-Carlisle, PA",Pennsylvania,2018,346.6,,12,21.4,73.8,3.6,21.5,50,58.4,32.3,15.4,58.1
"Harrisonburg, VA",Virginia,2018,68.2,,,,13.3,,,,,,,12.4
"Hartford-East Hartford-Middletown, CT",Connecticut,2018,585.1,,19.9,59.1,92.2,9.9,56.5,74,111.7,48.3,22.7,90.8
"Hattiesburg, MS",Mississippi,2018,65.1,,,4.5,14.1,,,,,8.2,,14.5
"Hickory-Lenoir-Morganton, NC",North Carolina,2018,154.6,,4.3,42.3,29.8,0.8,3.1,14.1,19.1,14.1,4.7,22.5
"Hilton Head Island-Bluffton, SC",South Carolina,2018,82.5,,,,,,,,,,,11.7
"Hinesville, GA",Georgia,2018,20.7,,,,,,,,,,,7.9
"Homosassa Springs, FL",Florida,2018,33.3,,,,,,,,,,,4.3
"Hot Springs, AR",Arkansas,2018,38.9,,,,,,,,,,,4.5
"Houma-Thibodaux, LA",Louisiana,2018,87.1,6.6,4.9,,22.7,,,,,8,,12.4
"Houston-The Woodlands-Sugar Land, TX",Texas,2018,3087.9,78.8,222.7,228.5,625.3,31.8,164,495.2,394.1,325.1,112.7,409.9
"Huntington-Ashland, WV-KY-OH",West Virginia,2018,134.4,,7.9,10.7,26.8,1.2,4.8,13,28.3,14.3,4.4,23.1
"Huntsville, AL",Alabama,2018,238.7,,9.2,25.2,34,2.6,6.9,57.4,21.8,22.5,8.2,51.2
"Idaho Falls, ID",Idaho,2018,67.8,,4.2,4.5,14.3,0.8,2.6,14.2,10.4,6.6,2.1,8.3
"Indianapolis-Carmel-Anderson, IN",Indiana,2018,1073.8,0.7,51.1,92,226,13.7,69.8,171.6,160.7,109.2,45.9,133.1
"Iowa City, IA",Iowa,2018,101.3,,,,16.8,,,6.4,,10.4,,39.3
"Ithaca, NY",New York,2018,64.9,,1.2,3.1,6.2,0.6,1.6,3.6,33.2,5.1,1.8,8.6
"Jackson, MI",Mississippi,2018,279.2,1.2,9.8,20.6,52.9,3.6,15.9,34.3,44.3,26.3,13.6,56.8
"Jackson, MS",Michigan,2018,58.6,,2,10,12.4,0.3,2.1,5.8,10.4,5.3,2.5,7.9
"Jackson, TN",Tennessee,2018,68.9,,2.9,10.7,12.4,0.5,2.1,6.7,11.1,6.4,1.9,14.2
"Jacksonville, FL",Florida,2018,709.1,0.5,44.6,31.4,151.6,9.3,67.2,108.1,107.5,85.7,26.4,76.8
"Jacksonville, NC",North Carolina,2018,49.3,,,,,,,,,,,14.3
"Janesville-Beloit, WI",Wisconsin,2018,69.7,,3.4,10.4,16.5,1.4,1.9,6.1,11,6.9,3.4,8.7
"Jefferson City, MO",Missouri,2018,77,,,,14.1,,,,,,,24.6
"Johnson City, TN",Tennessee,2018,80.8,,2.3,8,13.5,1.2,4.4,8.5,14.4,9.5,2.6,16.3
"Johnstown, PA",Pennsylvania,2018,54.4,,2.3,4.2,10.6,0.8,2.5,4.7,14.5,4.5,2.9,7.6
"Jonesboro, AR",Arkansas,2018,58.8,,,,,,,,,,,9.1
"Joplin, MO",Missouri,2018,80.5,,,13.4,20.6,,,,13.3,,,9.4
"Kahului-Wailuku-Lahaina, HI",Hawaii,2018,80.5,,4.4,1.1,16.2,0.6,3.1,7.6,9.1,25.9,3.4,9.2
"Kalamazoo-Portage, MI",Michigan,2018,150.1,,6.3,22.8,26.7,0.9,8.3,17.6,24.7,16.3,5.2,21.2
"Kankakee, IL",Illinois,2018,45.3,,1.3,6.8,10,0.4,1.4,4.9,8.8,4.1,1.7,5.8
"Kansas City, MO-KS",Missouri,2018,1088.9,,50.3,79.7,217.5,16.9,78.4,189.8,156.5,110.6,42.5,146.8
"Kennewick-Richland, WA",Washington,2018,115.4,,9.3,8.2,19.7,0.8,4.1,21.2,16.8,11.8,3.6,19.9
"Killeen-Temple, TX",Texas,2018,143.3,,6.8,7.5,27.7,1.2,6.8,11,23.1,15.7,5.3,38.2
"Kingsport-Bristol, TN-VA",Tennessee,2018,121.2,,6.3,21.4,23.4,1.3,3.7,11.8,18.7,13.1,5.4,16.1
"Kingston, NY",New York,2018,62.8,,3,3.4,12,0.9,2.4,4.6,10.8,8.4,3,14.3
"Knoxville, TN",Tennessee,2018,399.9,,18.5,39.9,78.3,6,19.9,64.4,54.9,43,15.5,59.8
"Kokomo, IN",Indiana,2018,40.7,,1.1,11.7,6.7,0.2,1.2,,,4.5,1.8,4.9
"La Crosse-Onalaska, WI-MN",Wisconsin,2018,78.9,,2.9,8.5,15.9,1,4.4,5.8,17.4,8.1,4.6,10.3
"Lafayette, LA",Louisiana,2018,203.8,12.9,9.8,15.6,42.3,2.4,11,21.8,32.1,21.5,7.1,27.4
"Lafayette-West Lafayette, IN",Indiana,2018,106,,3.5,19.2,14.7,0.8,3.5,8.1,12.7,10.1,4.6,28.9
"Lake Charles, LA",Louisiana,2018,118,0.3,27.1,10.6,18.1,,,10.5,,15.3,,15.4
"Lake Havasu City-Kingman, AZ",Arizona,2018,51.1,,3.2,3.2,12.5,0.5,1.7,3.7,8.9,7.8,1.9,7.8
"Lakeland-Winter Haven, FL",Florida,2018,227.9,,13.7,17.6,58.2,2,12.6,31.3,33.7,24.1,6.3,28.5
"Lancaster, PA",Pennsylvania,2018,257,,18.1,37.8,60,2.9,8.6,25.8,46.4,25.2,12.3,19.9
"Lansing-East Lansing, MI",Michigan,2018,237.2,,8,20.1,37.1,2.9,16.6,24,32.4,19.3,10.4,66.3
"Laredo, TX",Texas,2018,105.3,,4.1,0.6,31.8,0.8,3.8,9.9,17,11.5,2.3,23.6
"Las Cruces, NM",New Mexico,2018,73,,3.6,2.4,10.8,0.7,2.6,8.2,15.9,8.3,1.5,19.1
"Las Vegas-Henderson-Paradise, NV",Nevada,2018,1007.2,0.4,63.7,24.6,179.7,11.6,52.4,145.2,102.6,291.7,31.9,103.4
"Lawrence, KS",Kansas,2018,53.1,,,,7.6,,,5.3,5.7,7.1,,15.9
"Lawton, OK",Oklahoma,2018,45.1,,1.6,3.6,6.8,0.7,2.2,4.6,4.3,5.1,1.3,14.8
"Lebanon, PA",Pennsylvania,2018,53.1,,,9.3,11.7,,,,9,,,8.2
"Lewiston, ID-WA",Idaho,2018,28.5,0.2,1.5,4.2,5.1,0.4,1.5,1.4,5.4,2.7,0.9,5.3
"Lewiston-Auburn, ME",Maine,2018,51.2,,2.8,5.2,10.3,0.4,2.3,6.9,12.3,3.9,1.5,5.7
"Lexington-Fayette, KY",Kentucky,2018,276.4,,12.9,30.8,51.7,2.8,9.9,38,36.5,31.8,9.8,52.3
"Lima, OH",Ohio,2018,53,,2.1,9.2,9.8,,,4.6,11.9,5,,6
"Lincoln, NE",Nebraska,2018,192.1,,9.2,13.4,34.1,3.3,13.1,21.3,30.1,19.2,7.2,41
"Little Rock-North Little Rock-Conway, AR",Arkansas,2018,363.4,,17.2,20.9,70.5,5.7,21.3,48.2,57.3,34.4,17.2,70.8
"Logan, UT-ID",Utah,2018,63.1,,3.1,11.8,9.6,0.7,1.7,7.3,7.2,5.3,1.1,15.4
"Longview, TX",Texas,2018,97.7,,14.9,10,19.2,1.1,4.2,8.7,15.7,9.1,3,11.9
"Longview, WA",Washington,2018,40.2,,3.4,6.5,8,,,,6.9,3.7,,6.4
"Los Angeles-Long Beach-Anaheim, CA",California,2018,6167.9,2.4,252.2,503.2,1113.3,243.1,341.8,947.7,1043.1,759.1,210.1,751.9
"Louisville/Jefferson County, KY-IN",Kentucky,2018,670.7,,29.9,82.7,149.6,9.2,46.1,87.4,95.3,69.6,25.8,75.2
"Lubbock, TX",Texas,2018,148.3,,8.4,4.8,30.9,3,7.8,12.8,21.6,19.8,5.9,33.4
"Lynchburg, VA",Virginia,2018,105.1,,5.8,14.8,19.4,0.9,5,11.7,19.1,10.8,4.4,13.3
"Macon-Bibb County, GA",Georgia,2018,102.8,,,,19.9,,10.1,11.9,21.5,10.3,,14.6
"Madera, CA",California,2018,38.6,,1.9,3.4,5.7,0.3,0.7,2.4,8.6,3.5,0.9,11
"Madison, WI",Wisconsin,2018,408.3,,18.2,35.3,65.1,16.8,23.5,52.7,49.1,37.7,20.8,89.2
"Manchester-Nashua, NH",New Hampshire,2018,116.3,,5.2,7.9,20.3,3.5,8.2,17.4,26.8,10.3,4.8,11.8
"Manhattan, KS",Kansas,2018,42.6,,,,,,,,,,,13.7
"Mankato, MN",Minnesota,2018,58.3,,,,,,,,,,,9.5
"Mansfield, OH",Ohio,2018,52.7,,2.3,10.1,10.2,,1.4,4.9,8.3,5.3,2.2,7.7
"McAllen-Edinburg-Mission, TX",Texas,2018,264.8,,8.2,7,53.5,2.9,9.1,17.7,75.4,25.4,5.7,59.8
"Medford, OR",Oregon,2018,89.2,0.5,4.9,7.9,20,1.2,4.1,7.6,17.5,11.6,2.7,11.3
"Memphis, TN-MS-AR",Tennessee,2018,649.4,,23.3,43.8,175,5.5,29.6,97,96.3,68.2,27,83.9
"Merced, CA",California,2018,68.2,,2.5,9.7,13.1,0.3,1.8,4.3,10.3,5.8,1.5,18.9
"Miami-Fort Lauderdale-Pompano Beach, FL",Florida,2018,2681.6,0.7,138,89.8,608.9,51,184.7,444.3,400.6,328,122.4,313.3
"Michigan City-La Porte, IN",Indiana,2018,41.1,,2.1,7.8,8.2,0.2,1.2,2.9,5.6,5.4,1.3,6.4
"Midland, MI",Texas,2018,108.8,,37.1,4.1,21.1,0.9,4.5,10,7.2,10.3,3.9,9.7
"Midland, TX",Michigan,2018,37.9,,,,,,,,,,,2.9
"Milwaukee-Waukesha, WI",Wisconsin,2018,874.7,0.5,32.4,118.7,147.1,13.5,50.8,127.4,171.1,80.7,47,85.6
"Minneapolis-St. Paul-Bloomington, MN-WI",Minnesota,2018,2019.8,,82.6,198.8,358.1,35.7,156.3,329.4,340,190.4,78.8,249.8
"Missoula, MT",Montana,2018,62.3,,,,12.7,,,6.9,10.6,8.5,,10.7
"Mobile, AL",Alabama,2018,185.4,,11.6,18.6,36.3,2,8.8,24.2,27.9,18.2,12.2,25.6
"Modesto, CA",California,2018,179.1,,10.2,21.6,37.4,1,5.3,15.4,33.6,19.3,5.8,29.5
"Monroe, LA",Michigan,2018,41.7,,2,5.6,10.8,,1,5.5,5.2,4.5,1.4,5.3
"Monroe, MI",Louisiana,2018,79.2,,,6.5,14.4,,,8.2,15.9,8.4,,12.5
"Montgomery, AL",Alabama,2018,176.8,,6.3,18.2,29.9,2.2,7.5,22.1,20.5,17.2,9.4,43.9
"Morgantown, WV",West Virginia,2018,70.8,,,4,,,,7.5,15.1,7.4,,18.1
"Morristown, TN",Tennessee,2018,46.2,,1.9,11.8,9.8,0.3,0.9,3.9,5.7,4.2,1.2,6.5
"Mount Vernon-Anacortes, WA",Washington,2018,51.8,,4.5,6.6,10.1,,,,,5.2,,11.7
"Muncie, IN",Indiana,2018,50.7,,1.7,4.2,8.8,0.3,2.3,,9.2,5.3,1.8,12.2
"Muskegon, MI",Michigan,2018,65.1,,2.4,13.9,13.8,0.4,1.7,3.7,12,7.6,2.2,7.3
"Myrtle Beach-Conway-North Myrtle Beach, SC-NC",South Carolina,2018,171.6,,10.3,4.9,37.3,2.2,9.2,15.9,18.6,43.4,6.5,23.2
"Napa, CA",California,2018,74.2,,4.7,13.2,10.2,0.4,2.2,7.2,10.1,13.5,2.1,10.5
"Naples-Marco Island, FL",Florida,2018,151,,17.2,4.3,28.6,1.4,8.4,16.7,22.3,29.1,9.2,13.9
"Nashville-Davidson--Murfreesboro--Franklin, TN",Tennessee,2018,1015.6,,46,84.3,194,23.4,68.4,168.9,153.4,116.5,42.3,118.5
"New Bern, NC",North Carolina,2018,44.6,,,,,,,,,,,14
"New Orleans-Metairie, LA",Louisiana,2018,578.2,4.3,30.3,29.9,113.4,7.6,30.5,74.8,99.6,90.4,24.4,72.9
"New York-Newark-Jersey City, NY-NJ-PA",New York,2018,9845.9,,411.9,363.4,1742,303.1,783.7,1561.3,1989.3,939.9,424.9,1326.3
"Niles, MI",Michigan,2018,62.4,,2.4,13.2,10.7,0.5,2.5,5.6,9.4,7.6,2.3,8.5
"North Port-Sarasota-Bradenton, FL",Florida,2018,308.9,,25.4,16.8,59.5,3.4,14.8,47.4,54.5,44.9,14.2,28
"Norwich-New London, CT",Connecticut,2018,130.6,,3.9,17.5,22.7,1.4,2.9,9.2,21.6,17,3.6,30.8
"Ocala, FL",Florida,2018,105.7,,7.8,8.6,25.4,0.8,3.9,9.5,18.8,13.1,2.9,14.9
"Ocean City, NJ",New Jersey,2018,43,,,,8,,,,4.9,11.9,,8.4
"Odessa, TX",Texas,2018,81.3,,21.2,4.9,18.3,0.7,3.5,4.6,5.4,8.7,3.7,10.2
"Ogden-Clearfield, UT",Utah,2018,261.7,,20,34.1,46.3,1.9,10.6,30.8,33.8,25,6.8,52.4
"Oklahoma City, OK",Oklahoma,2018,649.4,21.6,30.2,33.9,112.8,7.4,33.4,85.6,93.4,73.8,28.8,128.7
"Olympia-Lacey-Tumwater, WA",Washington,2018,119.5,,6.6,3.1,19,1.5,4.1,11.9,18.6,11,4.8,38.9
"Omaha-Council Bluffs, NE-IA",Nebraska,2018,502.7,,28.7,33.9,96.8,11.2,45,71.7,79.7,50.7,18.5,66.5
"Orlando-Kissimmee-Sanford, FL",Florida,2018,1293.4,0.2,82,46.6,239.5,25.3,76.1,229.8,155.5,266.6,44.3,127.6
"Oshkosh-Neenah, WI",Wisconsin,2018,97.4,,5.4,22.6,15.3,1.5,4.4,12.3,11.4,7.4,5.5,11.8
"Owensboro, KY",Kentucky,2018,53,,2.5,8.6,10.1,0.3,3.7,4.7,9.6,5.1,1.8,6.7
"Oxnard-Thousand Oaks-Ventura, CA",California,2018,309.1,0.9,16.8,26.2,58.7,5.4,16.4,42.9,47.7,37.8,9.5,46.9
"Palm Bay-Melbourne-Titusville, FL",Florida,2018,224.5,,14.9,25.8,37.8,2.6,8.6,33.1,36.9,27.9,8.9,28.2
"Panama City, FL",Florida,2018,83.9,,5.5,3.1,16.1,0.9,4.6,10.9,11.5,14.3,2.8,14.2
"Parkersburg-Vienna, WV",West Virginia,2018,38.3,,,2.7,,,,,6.6,,,7.6
"Pensacola-Ferry Pass-Brent, FL",Florida,2018,181.2,,11.7,6.5,33.6,1.8,14,24.3,30.1,24.6,6.3,28.4
"Peoria, IL",Illinois,2018,172.7,,7.5,23.5,32,2,7.1,22.6,31.6,18.1,7.7,20.6
"Philadelphia-Camden-Wilmington, PA-NJ-DE-MD",Pennsylvania,2018,2939.6,,118.1,182.2,524.6,49.8,216.2,465.8,654.8,272.2,121.2,334.9
"Phoenix-Mesa-Chandler, AZ",Arizona,2018,2108.6,3.5,123,128.6,402.9,39,192,358.5,324.3,228.1,69.1,239.4
"Pine Bluff, AR",Arkansas,2018,33.3,,,,,,,,,,,9.2
"Pittsburgh, PA",Pennsylvania,2018,1184.7,11.1,59.3,86.7,210.6,18.8,74.8,181.9,256.7,119.7,50,114.8
"Pittsfield, MA",Massachusetts,2018,41.2,,2.1,3.2,6.9,0.8,2,4.5,9.2,5.5,1.7,5.4
"Pocatello, ID",Idaho,2018,36.5,,1.7,2.2,6.9,0.3,1.6,4.6,6.1,3.9,1.1,8.1
"Portland-South Portland, ME",Florida,2018,151.2,,11.3,7,31.2,1.2,5.5,19.2,27.5,20.5,8.2,19.6
"Portland-Vancouver-Hillsboro, OR-WA",Maine,2018,210.6,,10,14,39.4,3.4,16.5,29.3,42.2,24.4,8.1,23.4
"Port St. Lucie, FL",Oregon,2018,1204.6,1.4,72.7,127.5,218.1,25.5,72.4,184.7,184.6,125,42.2,150.5
"Poughkeepsie-Newburgh-Middletown, NY",New Hampshire,2018,93,,2.7,8.7,17.1,2.1,5.5,13.5,14.1,12.3,2.8,14.2
"Prescott Valley-Prescott, AZ",Arizona,2018,65.2,,5.8,3.8,12.7,0.5,2,4.2,12.7,10.3,2.3,10.8
"Provo-Orem, UT",Utah,2018,261.6,,25,19.9,44.1,13.3,8.8,37.2,54.2,21.5,5.5,32.2
"Pueblo, CO",Colorado,2018,62.9,,3.5,4.4,11.7,0.7,1.9,6.1,12.9,6.9,2.1,12.8
"Punta Gorda, FL",Florida,2018,48.8,,4.2,0.8,11.5,0.4,2.2,4.2,9.6,7.7,2.1,6
"Racine, WI",Wisconsin,2018,79,,3.1,17.9,14.9,0.5,2.3,7.1,11.8,7.9,3.8,9.6
"Raleigh-Cary, NC",North Carolina,2018,630.2,,40.1,30.9,111.7,22.2,32.5,120.2,78.7,71.1,25.8,97
"Rapid City, SD",South Dakota,2018,68.9,,5.2,2.8,13.7,0.8,3.9,5.7,12,10.3,3.3,11.2
"Reading, PA",Pennsylvania,2018,179.7,,7.9,31.6,33.4,1.2,6,24.2,31.1,15.1,8,21.2
"Redding, CA",California,2018,65.9,,3.5,2.6,12.8,0.6,2.7,6.1,15.1,6.8,2.5,13.3
"Reno, NV",Nevada,2018,242.8,0.3,17.9,23.3,53.2,2.9,10.9,32.3,27.2,38.4,6.4,30
"Richmond, VA",Virginia,2018,679.8,,39.7,32,123.9,7.2,51,116.9,99.6,67.5,30.7,111.4
"Riverside-San Bernardino-Ontario, CA",California,2018,1506,1.2,105.2,99.8,378.8,11.4,44.6,152,239.5,170.6,45.8,257.2
"Roanoke, VA",Virginia,2018,161.6,,8.5,15.6,33.2,1.3,8.1,22.3,27.5,15.3,7.5,22.3
"Rochester, MN",New York,2018,539.7,0.6,21.2,56.7,84.1,8.1,22.2,69.8,131,47.3,19.1,79.6
"Rochester, NY",Minnesota,2018,122.6,,4.7,10.8,17.9,1.7,2.8,6.1,50.8,11.2,3.8,12.9
"Rockford, IL",Illinois,2018,153,,5.4,32.9,29.8,1.6,5.3,15.2,24.3,14.5,8.5,15.6
"Rocky Mount, NC",North Carolina,2018,55.9,,2.5,10.1,11.8,,,4.9,6.7,5.3,,10.6
"Rome, GA",Georgia,2018,41.6,,,6.5,7.7,,,,10.5,,,5.8
"Sacramento-Roseville-Folsom, CA",California,2018,1000.8,0.5,64.5,36,159.8,12.4,53.5,136,159.8,106.2,34.2,238
"Saginaw, MI",Michigan,2018,88,,3,12.6,16.9,1.4,3.7,11.2,16,9.1,3.2,11
"Salem, OR",Oregon,2018,169.8,0.7,11.3,13.2,28.6,1.4,7.3,15.1,30,15.7,5.5,41.3
"Salinas, CA",California,2018,143,0.2,6.4,5.4,26.7,1,4.5,14,19.9,25.3,5.1,34.5
"Salisbury, MD-DE",Delaware,2018,162.4,,9.1,14.5,32,1.2,6.5,14.6,25.7,29.2,5.5,24.2
"Salt Lake City, UT",Utah,2018,732.9,,43.9,58.1,145.7,20.2,59,127.3,84.5,62.5,22.2,109.4
"San Angelo, TX",Texas,2018,49.9,,3.9,3.4,9.8,0.7,2.5,4.1,8.1,6.2,1.9,9.3
"San Antonio-New Braunfels, TX",Texas,2018,1059.2,10.5,53.2,50.2,181,20.7,92.1,140.7,164.5,135.5,38.9,171.8
"San Diego-Chula Vista-Carlsbad, CA",California,2018,1482.2,0.4,83.7,112.3,225.1,23.6,76,249,208.9,199.6,55.5,248.1
"San Francisco-Oakland-Berkeley, CA",California,2018,2433,0.3,125.1,144.7,376.9,115.7,144,484.7,354.2,277.5,88,322.1
"San Jose-Sunnyvale-Santa Clara, CA",California,2018,1128.5,0.2,49.9,172.1,133.8,92.1,36.7,236.2,176.2,105.7,28.9,96.7
"San Luis Obispo-Paso Robles, CA",California,2018,117.7,,7.9,7.7,20.9,1.2,3.9,10.9,17.7,19.2,4,24.3
"Santa Cruz-Watsonville, CA",California,2018,102.5,,4.4,6.9,16.8,0.7,3.6,10.7,17.8,14.5,5.3,22
"Santa Fe, NM",New Mexico,2018,62.5,,2.9,0.9,9.9,0.9,2.5,5.1,11.1,11.1,3.4,14.9
"Santa Maria-Santa Barbara, CA",California,2018,189.4,1,8.8,12.9,27.2,4,6.7,28,27.4,28.2,6.2,39
"Santa Rosa-Petaluma, CA",California,2018,208.7,0.2,15.2,23.4,36.5,2.7,8.9,23.2,34.8,25.7,7.1,31.1
"Savannah, GA",Georgia,2018,185.8,,8.4,18.3,42.7,1.8,6.2,23.4,26.5,26.6,7.4,24.6
"Scranton--Wilkes-Barre, PA",Pennsylvania,2018,263.6,,11.4,28.5,63.7,3,12.5,29,54.3,23.6,8.8,28.9
"Seattle-Tacoma-Bellevue, WA",Washington,2018,2044.4,1.1,126.5,178.8,391,118.6,101.4,294.5,276.2,204.6,74,277.6
"Sebastian-Vero Beach, FL",Florida,2018,53.5,,4.3,2.2,10.8,0.6,2.7,6.2,10.5,8.1,2.9,5.3
"Sebring-Avon Park, FL",Florida,2018,26.2,,,,,,,,,,,4.3
"Sheboygan, WI",Wisconsin,2018,63.3,,2.3,22.8,9,0.2,2.9,4.3,7.8,5.4,2.8,5.9
"Sherman-Denison, TX",Texas,2018,47.8,,3.1,5.7,8.7,0.3,2.5,3.4,10.6,5.4,1,7.1
"Shreveport-Bossier City, LA",Louisiana,2018,181.6,5.1,8,10.6,37,2,7.5,18.6,32.5,23.5,6.5,30.4
"Sierra Vista-Douglas, AZ",Arizona,2018,33.5,,1.7,0.6,5.8,0.4,0.9,4.2,4.7,3.6,0.7,11
"Sioux City, IA-NE-SD",Iowa,2018,88.2,,,17.5,19.1,,,7.8,,8.3,,10.7
"Sioux Falls, SD",South Dakota,2018,157.8,,8.8,14.2,32.6,2.6,15.8,15.3,32.5,15.6,5.9,14.5
"South Bend-Mishawaka, IN-MI",Indiana,2018,144.9,,5.7,17.7,25.7,1.4,5.8,13.8,39.1,14.9,6,14.8
"Spartanburg, SC",South Carolina,2018,159.5,,7.6,34.5,34.8,0.8,4.8,18.9,15,14.1,5.2,23.9
"Spokane-Spokane Valley, WA",Washington,2018,250.8,,14.6,17.7,47.3,3.3,14.4,26.5,51.2,23.6,9.7,42.5
"Springfield, IL",Illinois,2018,109.7,,3.9,3.4,17.1,2.4,6.4,11.2,21.1,11,6.6,26.7
"Springfield, MA",Massachusetts,2018,337,,11.7,29.1,60.2,3.3,16.5,27.1,82.1,32.1,13,62
"Springfield, MO",Missouri,2018,215.8,,8.9,16.5,49.4,4.2,11.7,24.8,39.5,21.9,8.9,30
"Springfield, OH",Ohio,2018,49.9,,1.2,7,9.6,,3.8,4.8,8.9,5.2,2.1,7.2
"St. Cloud, MN",Minnesota,2018,110.3,,6.6,15.4,22.9,1.4,5.3,10.2,21.1,8.4,3.9,15.1
"St. George, UT",Utah,2018,68.3,,7.7,3.4,15.6,0.9,2.6,6,11.5,9.7,1.9,9.1
"St. Joseph, MO-KS",Missouri,2018,62.5,,,,10.9,,,,,,,11.7
"St. Louis, MO-IL",Missouri,2018,1394.3,,66.8,116.9,260.4,27.4,91.3,213.3,260.1,152.4,51.1,154.6
"State College, PA",Pennsylvania,2018,79.7,,,4.2,9.9,,,7,10.2,7.2,,31.8
"Staunton, VA",Virginia,2018,50.7,,,,,,,,,,,8.7
"Stockton, CA",California,2018,241.3,0.1,12.8,20.6,66.7,1.8,7.8,19.6,38.8,22,7.6,43.5
"Sumter, SC",South Carolina,2018,39.9,,,7,,,,,,,,6.6
"Syracuse, NY",New York,2018,319.9,,13.6,26,61.8,4.5,14.5,35.9,63.4,29.8,12.2,58.3
"Tallahassee, FL",Florida,2018,183.7,,8,3.2,24.5,3.1,7.9,21.6,24,20.4,9.4,61.6
"Tampa-St. Petersburg-Clearwater, FL",Florida,2018,1352.1,0.3,78,67.3,249.3,25.6,116.9,241.8,211,159,46.8,156.2
"Terre Haute, IN",Indiana,2018,68.3,,3.8,10.6,12.4,0.6,2.5,4.7,11.9,7.6,2.9,11.3
"Texarkana, TX-AR",Texas,2018,59.7,,2.7,5.4,13.3,0.3,2.3,4.2,9.6,6.8,2.1,12.9
"The Villages, FL",Florida,2018,30,,,,,,,,,,,5.1
"Toledo, OH",Ohio,2018,310.1,,14.5,45.2,57.6,2.9,11.2,37.1,51.1,33.5,12,45.1
"Topeka, KS",Kansas,2018,112.1,,5.6,7.8,17.1,1.4,7.9,13.4,18.6,8.8,4.9,26.7
"Trenton-Princeton, NJ",New Jersey,2018,276.2,,5.5,10.5,38.6,4.4,20.3,47.7,49.2,15.9,10.2,73.8
"Tucson, AZ",Arizona,2018,382.3,1.9,16.9,26.6,61.6,5.6,17.7,50.5,66.3,44.7,13.4,77.2
"Tulsa, OK",Oklahoma,2018,456.4,6.8,24.8,54.5,83.2,7,23.3,62,71.8,45.3,20.5,57.3
"Tuscaloosa, AL",Alabama,2018,109.9,,6.5,17.1,16.3,1.6,4.1,10.7,9.3,11.6,4.1,28.6
"Twin Falls, ID",Idaho,2018,46.5,,,,,,,,,,,6.4
"Tyler, TX",Texas,2018,106.6,,6.6,6.2,23.1,1.6,4.3,10.6,24.3,11.5,4.1,14.4
"Urban Honolulu, HI",Hawaii,2018,473.3,,27,11.5,87.2,7.8,22.7,56.7,65.8,75.7,21.9,97
"Utica-Rome, NY",New York,2018,127.8,,3.5,11.4,20.3,1,7.1,8.3,28.8,10.8,4.8,31.8
"Valdosta, GA",Georgia,2018,56.1,,,,12.4,,,,,,,13.2
"Vallejo, CA",California,2018,142.1,0.6,11.2,12.7,27.8,1.1,5.2,10.1,28.4,15.6,4.5,24.9
"Victoria, TX",Texas,2018,41.6,,4.5,2,10.7,0.4,1.7,2.5,6.2,4.5,1.9,7.4
"Vineland-Bridgeton, NJ",New Jersey,2018,59,,2.8,9.1,13.3,0.6,1.2,4.1,11.2,3.6,2,11
"Virginia Beach-Norfolk-Newport News, VA-NC",Virginia,2018,792.4,,38.3,56.8,131,10.8,39,113.7,113.7,94.6,34.4,160.2
"Visalia, CA",California,2018,126.3,,6.1,13,28,0.7,4.1,11,16.1,11.8,3.5,32.3
"Waco, TX",Texas,2018,121,,7.5,15.9,21.1,1.1,7.6,11.8,20.7,12.5,3.6,19.4
"Walla Walla, WA",Washington,2018,28,,1,4.1,3.9,0.3,0.9,1,7.1,2.5,0.7,6.4
"Warner Robins, GA",Georgia,2018,75.6,,,,11,,,,,,,27.6
"Washington-Arlington-Alexandria, DC-VA-MD-WV",District of Columbia,2018,4100.6,,176.6,56.8,441.6,94.1,188.7,929.1,573.2,413.4,285.5,941.6
"Waterloo-Cedar Falls, IA",Iowa,2018,90.9,,,16.7,17.4,,4.8,6.8,14.3,7.9,,14.4
"Watertown-Fort Drum, NY",New York,2018,42.1,,1.8,2.1,8.5,0.6,1.3,2.5,6.8,4.7,2,11.9
"Wausau-Weston, WI",Wisconsin,2018,73.3,,2.6,18.2,14.1,0.4,5.4,6.4,9.8,6,3.2,7.5
"Weirton-Steubenville, WV-OH",Ohio,2018,40.4,,1.6,5.3,8.4,,,2.1,9,4.6,,6.3
"Wenatchee, WA",Washington,2018,46.2,,3,2.5,10,,,,7.6,6.8,,9.5
"Wheeling, WV-OH",West Virginia,2018,67.3,,,2.9,,,,,12.7,,,9.7
"Wichita, KS",Texas,2018,59.4,,3,5.3,11.1,0.7,2.5,4.7,10.7,6.6,2.3,12.4
"Wichita Falls, TX",Kansas,2018,299.5,,16.6,52.4,50.7,4.2,11.4,34.7,45,32.6,10.4,41.6
"Williamsport, PA",Pennsylvania,2018,53.7,,,7.8,10.2,,,,10.1,4.5,,7.3
"Wilmington, NC",North Carolina,2018,128.2,,8.8,5.8,25,3.2,6,16,15.3,19.8,4.6,23.7
"Winchester, VA-WV",Virginia,2018,64.6,,,,13.3,,,,,,,9.9
"Winston-Salem, NC",North Carolina,2018,267.8,,10.7,32.6,48.7,1.7,13.3,36.6,55.4,28.7,8.8,31.2
"Yakima, WA",Washington,2018,86.8,,4.2,8.9,19.3,,,4.3,17.8,8.2,,18.2
"York-Hanover, PA",Pennsylvania,2018,187.1,,11.9,31.1,38.3,1.1,5.3,23.6,29.2,16.4,10.3,20
"Youngstown-Warren-Boardman, OH-PA",Ohio,2018,219.9,,9.6,27.6,45.6,1.9,7.2,20.4,43.9,24.7,9.6,29.5
"Yuba City, CA",California,2018,44.4,,2.6,2.2,9.1,0.3,1.4,3.2,8.4,4.6,1.1,11.5
"Yuma, AZ",Arizona,2018,56,,2.6,2.7,11,0.5,2,7,8,6,1.8,14.4
"Bridgeport-Stamford-Norwalk, CT",Connecticut,2018,487.7,,12.6,28.9,86.7,12.1,38.8,75.8,76.6,51.5,17.8,54
"Boston-Cambridge-Newton, MA-NH",Massachusetts,2018,2827.7,,119.8,192.8,435,81.2,188.1,510.1,587.2,283,106.1,324.5
"Providence-Warwick, RI-MA",Rhode Island,2018,663.4,0.2,26.9,58,113.9,7.6,39.9,80.5,144.1,76.5,29.8,86.1
"New Haven-Milford, CT",Connecticut,2018,359.7,,13.8,31.4,65,5.1,14.2,36.7,101.3,31.8,14,46.4
"Worcester, MA-CT",Massachusetts,2018,342.4,,13.5,34.7,63.9,4,16.3,33.4,79.5,31.6,12.6,52.9
"Abilene, TX",Texas,2019,72.4,,5.3,3.2,13.7,1.1,4.1,6,15.3,8,2.9,12.8
"Akron, OH",Ohio,2019,340.6,,15,39.7,67.3,4.8,15.5,50,56.2,34.4,13.3,44.4
"Albany, GA",Oregon,2019,46.9,0.4,3.3,8.7,10.3,0.4,1.5,3.2,7,3.8,1.5,6.9
"Albany-Lebanon, OR",Georgia,2019,62.8,,,,12.6,,,,,,,12.3
"Albany-Schenectady-Troy, NY",New York,2019,472,,20.2,26.2,74.3,8.1,27,56.8,96.4,41,19.3,102.8
"Albuquerque, NM",New Mexico,2019,398.7,,24.6,16.7,63.2,6.1,19.4,64.1,65.9,44.7,12.2,81.8
"Alexandria, LA",Louisiana,2019,62.1,,,,11.1,,,,,,,13.8
"Allentown-Bethlehem-Easton, PA-NJ",Pennsylvania,2019,380.8,,13.7,39.8,87,5.4,13.9,49.1,79.3,38,14.6,40.2
"Altoona, PA",Pennsylvania,2019,61.3,,3,7.2,14.3,0.8,1.5,5.3,13,5.6,2.7,7.9
"Amarillo, TX",Texas,2019,121.6,,7.7,13.9,25.9,1.3,6.7,8.9,16.6,14.1,5,21.7
"Ames, IA",Iowa,2019,53,,,,,,,,,,,21
"Anchorage, AK",Alaska,2019,176.7,2.7,10.3,2.4,37.7,3.8,8,19.2,31.8,20.7,6.3,33.7
"Ann Arbor, MI",Michigan,2019,229,,4.9,14.6,27.1,5.9,6.8,30.6,29.9,18.4,6.4,84.4
"Anniston-Oxford, AL",Alabama,2019,47.3,,1.2,6.6,9,0.4,1.3,4.2,4.8,5.1,1.8,13
"Appleton, WI",Wisconsin,2019,127.4,,9.1,24.7,24.1,1.5,7,13.4,15.7,12.1,7.4,12.5
"Asheville, NC",North Carolina,2019,198.7,,10.1,22.3,36.7,1.9,6.4,18.3,37.6,30.3,9.5,25.7
"Athens-Clarke County, GA",Georgia,2019,97.8,,,,16.5,,,8.7,,11.5,,28.6
"Atlanta-Sandy Springs-Alpharetta, GA",Georgia,2019,2850.4,1.6,130.5,171.7,605.2,102.2,177.4,548.2,369,304.7,104.6,335.4
"Atlantic City-Hammonton, NJ",New Jersey,2019,133.3,,5.6,2.4,20.4,0.6,3.9,11.1,21.6,41.5,5.5,20.8
"Auburn-Opelika, AL",Alabama,2019,67.3,,2.7,6.3,12.5,0.5,1.9,7.2,5,9.1,2.7,19.5
"Augusta-Richmond County, GA-SC",Georgia,2019,243.3,,20.1,23.1,40.5,2.4,6.8,32.9,35.4,27.4,8.7,45.9
"Austin-Round Rock-Georgetown, TX",Texas,2019,1118,,68.5,62.7,185.1,39,66,198,129.8,134.9,47.2,186.7
"Bakersfield, CA",California,2019,273.4,9.6,16.3,12.9,52.9,1.9,7.5,28,40.9,27.6,8.3,67.6
"Baltimore-Columbia-Towson, MD",Maryland,2019,1427.5,,81.8,59.5,247.8,17.4,79.4,244.9,280.4,139,51.6,225.7
"Bangor, ME",Maine,2019,68.2,0.2,3.3,2.6,13.9,0.8,2.3,6.8,16.4,6.9,2.2,12.9
"Barnstable Town, MA",Massachusetts,2019,107.2,,7.2,3.4,21.5,1.4,3.9,9.6,19.9,19.8,4.7,15.9
"Baton Rouge, LA",Louisiana,2019,413,1,49.8,30.2,71.1,5.1,18.5,49.3,54.5,40.2,17,76.4
"Battle Creek, MI",Michigan,2019,57.7,,1.7,11.4,9,,1.2,6.2,10.7,4.6,2,10.6
"Bay City, MI",Michigan,2019,35.2,,1.4,4.6,7.3,0.3,1.3,2.4,6.5,4.5,1.3,5.7
"Beaumont-Port Arthur, TX",Texas,2019,165,,20.9,22.2,31.7,1,5.7,14.6,21.6,16.3,5.7,25.2
"Beckley, WV",West Virginia,2019,44.6,,,,,,,,,,,8.7
"Bellingham, WA",Washington,2019,95.9,,8.1,10.7,16.5,,3.9,8.5,,10.8,,18.5
"Bend, OR",Oregon,2019,87.1,,7.2,5.7,16.2,1.8,4.9,10.5,14.6,13.6,3.1,9.6
"Billings, MT",Montana,2019,85.6,,,,20.5,,,8.5,15.5,12.1,,9.6
"Binghamton, NY",New York,2019,103.2,,4.2,11.1,18.7,1.5,3.5,9.1,17.4,10.4,5.5,22
"Birmingham-Hoover, AL",Alabama,2019,546.1,2.8,29.6,39.4,108.3,7.5,42.1,69.9,75.9,53.1,31.5,86
"Bismarck, ND",North Dakota,2019,72.8,,4.8,1.8,14.1,0.8,3.5,7.6,14.3,7.5,2.9,15.6
"Blacksburg-Christiansburg, VA",Virginia,2019,78.5,,,,,,,,,,,24.8
"Bloomington, IL",Illinois,2019,92.6,,2.9,3.7,14.1,0.5,19.7,9.8,10.9,11,3.5,16.6
"Bloomington, IN",Indiana,2019,79,,3,9.6,9.9,1,2.9,5.5,10.7,8.8,2.5,25
"Bloomsburg-Berwick, PA",Pennsylvania,2019,42.8,,1.2,5.3,6.3,,,4.5,11.8,3.6,,6.1
"Boise City, ID",Idaho,2019,345.3,,26.6,29.3,65.7,3.9,19.4,51.7,51.7,36.2,12.6,48.4
"Boulder, CO",Colorado,2019,199,,5.9,19.9,25.9,8.5,7.3,37.6,26.5,21.4,6.3,39.7
"Bowling Green, KY",Kentucky,2019,77.2,,3.4,12.9,14,,,9.6,11.2,9.2,,11.8
"Bremerton-Silverdale-Port Orchard, WA",Washington,2019,95.3,,5.2,2.9,13.9,,,8.6,,9.9,,33.8
"Brownsville-Harlingen, TX",Texas,2019,144.7,,3.1,6,25.7,0.7,5,12.5,41.9,16.6,3.1,30
"Brunswick, GA",Georgia,2019,44,,,,8.4,,,,,,,8.8
"Buffalo-Cheektowaga, NY",New York,2019,564.7,,21.2,52.5,99.5,6.9,36.6,72.7,99.2,60.3,25.8,90
"Burlington, NC",North Carolina,2019,64.2,,3.3,9.3,13.2,0.4,2,5.3,12.9,8.3,2.5,7.1
"Burlington-South Burlington, VT",Vermont,2019,126.5,,6,12.8,22.1,2.3,4.7,15.2,22.9,13.3,4.2,23.1
"California-Lexington Park, MD",Maryland,2019,47.1,,,,,,,,,,,15.4
"Canton-Massillon, OH",Ohio,2019,173.2,,8.9,26.7,31.1,1.4,7.5,16.3,33.5,19.1,8.5,20.1
"Cape Coral-Fort Myers, FL",Florida,2019,278.4,,32.6,6.5,54.8,2.8,14,37.6,31.4,43.6,11.7,43.5
"Cape Girardeau, MO-IL",Missouri,2019,45.2,,,,,,,,,,,6.4
"Carbondale-Marion, IL",Illinois,2019,58.2,,,,,,,,,,,17.2
"Carson City, NV",Nevada,2019,30.7,,,2.7,4.3,,,2.2,,3.7,,9.6
"Casper, WY",Wyoming,2019,39.6,2.9,2.9,1.8,8.8,0.4,2,2.8,6,4.6,1.8,5.6
"Cedar Rapids, IA",Iowa,2019,146.1,,8.1,20.4,32,3.5,11.4,15,21.6,12.3,5.1,16.6
"Chambersburg-Waynesboro, PA",Pennsylvania,2019,62,,2.4,9.2,15.4,,,6.2,10.7,5.5,,7.8
"Champaign-Urbana, IL",Illinois,2019,115.3,,3.8,7.8,16.7,2,4.9,9.6,16.1,12.1,3.2,39.1
"Charleston, WV",West Virginia,2019,109.1,,7.1,3.2,17.7,1.6,6.9,13.7,21.2,10.1,4,23.6
"Charleston-North Charleston, SC",South Carolina,2019,376.6,,21.9,30,69.1,5.3,15.8,58.6,42.9,50.8,15,67
"Charlotte-Concord-Gastonia, NC-SC",North Carolina,2019,1238.2,,68.5,110.8,248.3,23.7,102.8,212.7,127.7,143.7,45.7,154.3
"Charlottesville, VA",Virginia,2019,121.7,,5.8,4.1,14.7,2.2,4.9,16,14.7,14.4,6.1,38.9
"Chattanooga, TN-GA",Tennessee,2019,267.5,,11.4,34.2,53.6,2.3,22,28,35.1,30.3,12.4,38.1
"Cheyenne, WY",Wyoming,2019,47.7,,4.1,1.4,10.1,1,2.3,3.6,4.7,5,1.6,13.9
"Chicago-Naperville-Elgin, IL-IN-WI",Illinois,2019,4759.1,1.8,180.7,419.9,949.2,78.4,318.3,837.7,735.4,494.4,195.3,548
"Chico, CA",California,2019,80.6,,4.4,4.1,14.5,0.8,3.1,5.8,18.4,9,3.9,16.6
"Cincinnati, OH-KY-IN",Ohio,2019,1119.8,,48.3,120.3,220.7,13.6,73.9,172.1,169.8,127.5,41.2,132.4
"Clarksville, TN-KY",Tennessee,2019,93.3,,3.3,12.6,17.9,1.1,3.2,9,12.5,11.7,3.4,18.7
"Cleveland, TN",Tennessee,2019,48.5,,2,9.1,10.3,0.3,1.4,6.6,5.9,5.1,2.3,5.5
"Cleveland-Elyria, OH",Ohio,2019,1080,,38.9,123.4,185.6,13.4,66.8,161.5,206.3,105.5,39.9,138.6
"Coeur d'Alene, ID",Idaho,2019,67.6,0.2,5.9,5.2,12.5,0.6,3.8,7.1,8.6,9.8,2.2,11.7
"College Station-Bryan, TX",Texas,2019,122.8,,7.8,5.6,16.8,1.4,4,9.7,12.7,17.5,3.4,43.9
"Colorado Springs, CO",Colorado,2019,300,,18.6,11.9,44.1,5.7,18.9,46.9,41.1,39.6,18.3,55
"Columbia, MO",South Carolina,2019,403.4,,17.3,31.7,72.6,6,31.5,51.4,51.2,40.6,16.8,84.2
"Columbia, SC",Missouri,2019,100.7,,,,15.3,,,,,,,29.8
"Columbus, GA-AL",Georgia,2019,122.5,,4.8,10.9,17.7,1.3,12.9,15,16.1,15.1,4.3,24.3
"Columbus, IN",Indiana,2019,53.1,,1.8,20.1,7.7,0.3,1.5,5.7,4.4,4.1,1.5,6.1
"Columbus, OH",Ohio,2019,1113.9,,44,73.6,213.2,17.2,86.6,182.1,163.1,109.1,42,183.1
"Corpus Christi, TX",Texas,2019,193.9,,24.4,8.4,33,1.6,8.4,18.7,32.4,26.2,6.2,34.5
"Corvallis, OR",Oregon,2019,43.5,,1.5,3.1,4.6,0.6,1.6,4.4,7.4,4.4,1.4,14.7
"Crestview-Fort Walton Beach-Destin, FL",Florida,2019,118.3,,6.9,3.2,21.2,1.3,7.1,17.9,12.5,22.6,4.9,20.8
"Cumberland, MD-WV",Maryland,2019,38.9,,,,,,,,,,,8.1
"Dallas-Fort Worth-Arlington, TX",Texas,2019,3790.5,,226.2,288.8,796.1,82.2,318.9,641.2,462.8,396.9,128.5,449.1
"Dalton, GA",Georgia,2019,66.6,,,23.8,13.5,,,6.7,,,,7
"Danville, IL",Illinois,2019,27.3,,0.6,5,6.7,0.1,1.1,2,2.6,2.2,1.2,5.8
"Daphne-Fairhope-Foley, AL",Alabama,2019,80.5,,,,,,,,,,,10
"Davenport-Moline-Rock Island, IA-IL",Illinois,2019,186.5,,10,23.9,37.6,1.5,7.4,25.4,27.9,19,7.6,26.1
"Dayton-Kettering, OH",Ohio,2019,391.9,,13.7,43.7,65.6,7.7,18.2,52.4,74.8,39.7,13.9,62.2
"Decatur, AL",Alabama,2019,57.5,,4.2,13.3,10.5,0.3,2.1,6,5.2,5.3,2.2,8.4
"Decatur, IL",Illinois,2019,50.6,,3.1,11.1,10.2,0.4,1.9,2.4,8.5,4.9,2.3,5.8
"Deltona-Daytona Beach-Ormond Beach, FL",Florida,2019,206.2,,14.2,11.4,38.9,2.4,8.7,23.4,40.7,32.9,8.9,24.9
"Denver-Aurora-Lakewood, CO",Colorado,2019,1538.4,,111.9,70.8,279.3,51.6,113.1,280.8,192.1,172.8,59.4,206.7
"Des Moines-West Des Moines, IA",Iowa,2019,374.1,,20.4,21.2,69.5,6.6,56.3,50.4,53.9,37.1,13.7,44.9
"Detroit-Warren-Dearborn, MI",Michigan,2019,2043.6,,76.2,257.5,380.1,28.3,121.6,393.6,319.5,201.3,75.6,189.9
"Dothan, AL",Alabama,2019,60,,2.7,5.4,15.5,0.5,2.1,5,8.9,6.5,2.8,10.7
"Dover, DE",Delaware,2019,70.5,,2.8,4.9,13.5,0.5,1.7,5.4,11.5,8.3,2.7,19.3
"Dubuque, IA",Iowa,2019,60.7,,,,12.4,,,,,,,4.8
"Duluth, MN-WI",Minnesota,2019,137.2,,9.6,8.2,24.4,1.3,5.6,7.7,33,14.8,6.4,26.2
"Durham-Chapel Hill, NC",North Carolina,2019,328.4,,9.1,33.5,39.3,5.2,15.4,45.5,72.8,28.6,12,67.1
"East Stroudsburg, PA",Pennsylvania,2019,59.7,,1.9,5,12.5,,,4.3,8.1,12,,11.5
"Eau Claire, WI",Wisconsin,2019,87.6,,3.8,10.9,17.4,0.8,3.9,9.5,16.5,8.8,4.4,11.7
"El Centro, CA",California,2019,53.3,,1.9,1.6,11.9,0.3,1.2,3,9,4.4,0.9,19.1
"Elizabethtown-Fort Knox, KY",Texas,2019,324.9,,17,17.5,67.7,4.7,13.3,37.1,48,38.1,9.1,72.3
"Elkhart-Goshen, IN",Kentucky,2019,56.5,,2,8.1,9.3,,,5.3,5.2,6,,15.3
"Elmira, NY",Indiana,2019,137.5,,4.2,66.2,20.2,0.4,3.2,10.3,12.2,7.8,4.3,8.7
"El Paso, TX",New York,2019,37,,1.5,5.1,7.8,0.5,1.2,2,7.3,3.5,1.5,6.6
"Enid, OK",Oklahoma,2019,25.5,,,,,,,,,,,3.7
"Erie, PA",Pennsylvania,2019,128.1,,4.2,19.9,21.2,1,6.5,10.1,29.4,14.2,6,15.7
"Eugene-Springfield, OR",Oregon,2019,164.4,0.9,7.6,14.3,30.4,2.3,8.2,18.2,30,17.8,5.4,29.3
"Evansville, IN-KY",Indiana,2019,161.3,,10.2,23.4,31,1.9,5.6,20.3,28.6,16.3,7.7,16.4
"Fairbanks, AK",Alaska,2019,37.9,0.8,2.7,0.6,7.8,0.4,1.2,2.8,5.6,4.6,1,10.5
"Fargo, ND-MN",North Dakota,2019,145,,8.8,10.2,30.4,3.1,11.6,14.1,28,14.5,5,19.2
"Farmington, NM",New Mexico,2019,47.5,,,,,,,,,,,11.1
"Fayetteville, NC",North Carolina,2019,132,,6,8.7,23.4,1.1,3.8,11.8,15.5,16.9,4.7,40.1
"Fayetteville-Springdale-Rogers, AR",Arkansas,2019,264.6,,12.4,30.4,56.7,2.1,8.3,50.5,29.9,27.2,9.7,37.4
"Flagstaff, AZ",Arizona,2019,68,,2.6,3.8,9.3,0.4,1.5,3.5,9.5,15.7,1.8,19.9
"Flint, MI",Michigan,2019,138.7,,5.8,13.2,28.8,1.3,6,17,26.8,15.7,5.3,18.8
"Florence, SC",South Carolina,2019,92.5,,,,19,,,,,,,17.7
"Florence-Muscle Shoals, AL",Alabama,2019,57.6,,3.7,9,11.5,0.4,2.4,4.1,7.3,6.5,2.5,10.2
"Fond du Lac, WI",Wisconsin,2019,49,,3.3,11.4,8.8,0.9,2,2.6,7.6,4.3,2.5,5.6
"Fort Collins, CO",Colorado,2019,174.1,,11.8,14.6,27.9,3.4,6.9,20.4,18.8,22.1,6.7,41.7
"Fort Smith, AR-OK",Arkansas,2019,113.5,,5.8,17.4,23.2,1.2,4,12.4,17.4,9.5,4.6,18.3
"Fort Wayne, IN",Indiana,2019,227.9,,11.5,38,44,2.4,12.1,22.2,42.3,21.7,12.6,21.1
"Fresno, CA",California,2019,363.3,0.3,19,26.2,70,3.4,14.3,34.6,72.5,35.7,12.1,75.2
"Gadsden, AL",Alabama,2019,37.4,,1,5.3,6.8,0.3,1.3,4,7.8,4,1.6,5.3
"Gainesville, FL",Florida,2019,148,,6,4.8,21,1.8,6.9,15.4,27.5,16.1,4.3,44
"Gainesville, GA",Georgia,2019,93.9,,,,17.6,,,,,,,10.8
"Gettysburg, PA",Pennsylvania,2019,35.2,,1.8,7.7,5.3,,,,7.1,4.7,,4.2
"Glens Falls, NY",New York,2019,54.7,,2.5,5.9,9.3,0.9,1.9,5.3,8.3,7.8,2.3,10.4
"Goldsboro, NC",North Carolina,2019,41.4,,,,,,,,,,,9.2
"Grand Forks, ND-MN",North Dakota,2019,55.1,,3,4.6,10.8,0.5,1.9,3.3,9.8,5.9,2,13.5
"Grand Island, NE",Nebraska,2019,42.2,,,,,,,,,,,6.6
"Grand Junction, CO",Colorado,2019,65.2,,6.9,3.1,13.3,0.6,3.2,5.2,11.6,7.9,2.7,10.8
"Grand Rapids-Kentwood, MI",Michigan,2019,569,,25.8,119,98.3,6.6,27,77.5,94,49.9,22.8,48.1
"Grants Pass, OR",Oregon,2019,27.7,0.1,1.1,3.1,5.4,0.3,1.6,2.3,5.8,3.6,1,3.4
"Great Falls, MT",Montana,2019,36,,,,7.6,,,3.4,7.6,4.9,,5.4
"Greeley, CO",Colorado,2019,113.4,,21.4,14.3,19.5,0.7,4.5,11,10.5,9.8,3.8,18
"Green Bay, WI",Wisconsin,2019,180.3,,8,31.2,33.8,1.5,12.1,19.7,27.5,16.7,8.8,21
"Greensboro-High Point, NC",North Carolina,2019,364.4,,15.8,53.6,78,4.7,18.8,48.1,51.9,37.8,12.7,43
"Greenville, NC",North Carolina,2019,81.1,,3.7,6.6,11.8,0.6,2.5,6.7,9.5,9.6,2.3,27.9
"Greenville-Anderson, SC",South Carolina,2019,433.5,,19.2,57.8,77.7,6.6,19.5,75,52.5,47,14.9,63.4
"Gulfport-Biloxi, MS",Mississippi,2019,156.3,,7.9,17.2,24.7,1.4,5.2,16,13.1,31.7,5.3,33.9
"Hagerstown-Martinsburg, MD-WV",Maryland,2019,105.5,,4.3,9.5,26.7,2.1,5.7,9.8,16.6,10.3,2.9,17.6
"Hammond, LA",Louisiana,2019,46.3,,,,,,,,,,,11.9
"Hanford-Corcoran, CA",California,2019,41.5,,1,4.9,7.2,0.1,0.9,1.2,6.7,3.6,0.7,15.1
"Harrisburg-Carlisle, PA",Pennsylvania,2019,351.9,,12.1,22,75,3.5,21.8,51.1,60.1,32.4,15.6,58.4
"Harrisonburg, VA",Virginia,2019,69.7,,,,13.5,,,,,,,12.7
"Hartford-East Hartford-Middletown, CT",Connecticut,2019,587,,20.1,60.2,91.1,9.8,56.3,73.8,113.3,48.3,22.7,91.5
"Hattiesburg, MS",Mississippi,2019,65.5,,,4.8,13.7,,,,,8.4,,14.7
"Hickory-Lenoir-Morganton, NC",North Carolina,2019,155.5,,4.6,41.9,30.3,0.7,3.2,13.9,19.3,14.3,4.7,22.6
"Hilton Head Island-Bluffton, SC",South Carolina,2019,84.2,,,,,,,,,,,11.8
"Hinesville, GA",Georgia,2019,21.2,,,,,,,,,,,7.9
"Homosassa Springs, FL",Florida,2019,33.3,,,,,,,,,,,4.4
"Hot Springs, AR",Arkansas,2019,39.5,,,,,,,,,,,4.4
"Houma-Thibodaux, LA",Louisiana,2019,87.4,6.4,4.8,,22.8,,,,,8.2,,12.3
"Houston-The Woodlands-Sugar Land, TX",Texas,2019,3160.1,80,236.1,236,630.5,32.5,166.6,508.1,404.4,334.3,116.1,415.5
"Huntington-Ashland, WV-KY-OH",West Virginia,2019,134.6,,7.8,11.1,26.3,1.2,4.6,13.1,28.6,14.5,4.5,23
"Huntsville, AL",Alabama,2019,245.2,,9.5,25.9,35.1,2.4,7,60,22.3,22.6,8.6,51.9
"Idaho Falls, ID",Idaho,2019,70.2,,4.5,4.6,14.2,0.7,2.6,14.9,11.2,6.8,2.1,8.5
"Indianapolis-Carmel-Anderson, IN",Indiana,2019,1093.3,0.7,53.8,94.2,228.8,13.6,71.9,173.2,164.4,110.9,45.9,136.2
"Iowa City, IA",Iowa,2019,101.3,,,,16.7,,,6.2,,10.2,,40
"Ithaca, NY",New York,2019,63.7,,1.3,2.8,6,0.5,1.7,3.7,32.5,4.8,1.8,8.6
"Jackson, MI",Mississippi,2019,279.7,1,10.2,20.5,52.6,3.5,15.7,33.9,44.8,27,13.4,57.1
"Jackson, MS",Michigan,2019,58.8,,2.1,10,12.3,0.3,2.2,5.9,10.2,5.2,2.6,8.1
"Jackson, TN",Tennessee,2019,69.6,,3.1,11,12.3,0.5,2.1,6.6,11.4,6.4,2,14.2
"Jacksonville, FL",Florida,2019,724.1,0.5,46,32.6,157.1,9,67.1,110,110.3,86.9,27,77.7
"Jacksonville, NC",North Carolina,2019,49.9,,,,,,,,,,,14.2
"Janesville-Beloit, WI",Wisconsin,2019,70.4,,3.5,10.6,16.5,1.4,1.9,6.3,11.2,7.1,3.4,8.5
"Jefferson City, MO",Missouri,2019,78.2,,,,14,,,,,,,24.7
"Johnson City, TN",Tennessee,2019,81.5,,2.5,8.2,13.8,1.2,4.5,8.4,14.3,9.4,2.8,16.5
"Johnstown, PA",Pennsylvania,2019,54,,2.5,4.3,10.3,0.7,2.5,4.7,14,4.5,2.9,7.5
"Jonesboro, AR",Arkansas,2019,60.3,,,,,,,,,,,9.1
"Joplin, MO",Missouri,2019,81,,,13.6,20.9,,,,13.6,,,9.4
"Kahului-Wailuku-Lahaina, HI",Hawaii,2019,80.7,,4.4,1.2,16.4,0.6,3.1,7.4,9.3,25.7,3.4,9.2
"Kalamazoo-Portage, MI",Michigan,2019,150.9,,6.5,23.1,26.4,0.8,8.2,17.8,25.3,16.2,5.3,21.3
"Kankakee, IL",Illinois,2019,45.9,,1.4,7.3,9.6,0.4,1.5,5.2,8.7,4.3,1.6,5.9
"Kansas City, MO-KS",Missouri,2019,1097.9,,52.7,81.1,218.9,16.3,79.4,188,159.2,111.9,42.8,147.5
"Kennewick-Richland, WA",Washington,2019,118.4,,10.3,8.4,19.7,0.8,4.2,21.8,18.2,12.1,3.8,19.2
"Killeen-Temple, TX",Texas,2019,145.1,,6.9,7.7,27.5,1.3,6.6,11.7,23.8,16.1,5.3,38.3
"Kingsport-Bristol, TN-VA",Tennessee,2019,120.8,,5.9,21.3,23.3,1.2,3.8,12.4,18.1,13.2,5.6,16.1
"Kingston, NY",New York,2019,62.2,,3,3.4,11.6,1,2.3,4.6,10.6,8.5,3,14.2
"Knoxville, TN",Tennessee,2019,405.4,,18.9,41.2,79,6,19.8,65.3,55.6,44.4,16.1,59.3
"Kokomo, IN",Indiana,2019,39.8,,1.2,11.3,6.6,0.2,1.2,,,4.5,2,4.7
"La Crosse-Onalaska, WI-MN",Wisconsin,2019,78.6,,3,8.6,15.6,1,4.3,5.8,17.4,8.1,4.7,10.2
"Lafayette, LA",Louisiana,2019,205.2,13.6,9.3,16.3,41.8,2.4,11.2,21.8,32.8,21.2,7.2,27.6
"Lafayette-West Lafayette, IN",Indiana,2019,106.3,,3.8,19.8,14.6,0.8,3.3,8,13.3,10.2,4.5,28.1
"Lake Charles, LA",Louisiana,2019,114.5,0.3,23.6,10.7,18.3,,,10.3,,14.9,,15.3
"Lake Havasu City-Kingman, AZ",Arizona,2019,52.1,,3.5,3.2,12.7,0.5,1.8,3.8,9,7.5,1.9,8.3
"Lakeland-Winter Haven, FL",Florida,2019,235.7,,14.3,18,61.3,1.9,13.3,32.5,34.5,24.6,6.6,28.6
"Lancaster, PA",Pennsylvania,2019,259.8,,18.3,37.3,60.4,2.7,9.2,26.5,47.4,25.4,12.6,20.1
"Lansing-East Lansing, MI",Michigan,2019,237.7,,8.2,19.3,36.4,3,17.2,24.3,32.6,19.4,10.2,67.2
"Laredo, TX",Texas,2019,108,,4.1,0.7,32.5,0.8,3.8,10.4,17.5,11.7,2.4,24.1
"Las Cruces, NM",New Mexico,2019,74.1,,3.8,2.7,10.9,0.7,2.6,7.7,16.2,8.4,1.5,19.6
"Las Vegas-Henderson-Paradise, NV",Nevada,2019,1037.2,0.4,69.9,25.8,185.1,11.5,53.8,152.4,105.5,294.2,31.9,106.5
"Lawrence, KS",Kansas,2019,53.1,,,,7.4,,,5.2,5.8,7.1,,15.6
"Lawton, OK",Oklahoma,2019,45.1,,1.6,3.6,6.8,0.9,2.2,4.6,4.2,5.1,1.2,15
"Lebanon, PA",Pennsylvania,2019,53.9,,,9.4,12.2,,,,9,,,8.3
"Lewiston, ID-WA",Idaho,2019,28.5,0.2,1.6,3.8,5.1,0.4,1.5,1.4,5.5,2.8,0.9,5.3
"Lewiston-Auburn, ME",Maine,2019,51.4,,2.9,5.2,10.4,0.4,2.3,6.7,12.3,4.1,1.5,5.7
"Lexington-Fayette, KY",Kentucky,2019,279,,13.9,30.3,52,2.7,10,37.7,37,32.4,10.1,53
"Lima, OH",Ohio,2019,53,,2.2,9.1,9.7,,,5.2,11.5,5,,6.1
"Lincoln, NE",Nebraska,2019,193.1,,9.4,13.5,33.7,3.4,12.9,21.8,30.5,19.4,7.2,41.5
"Little Rock-North Little Rock-Conway, AR",Arkansas,2019,365.6,,17.8,21.1,70.5,5.6,22,47.2,58.2,34.6,17.7,70.8
"Logan, UT-ID",Utah,2019,65,,3.2,12.3,9.6,0.7,1.8,7.7,7.5,5.3,1.1,15.8
"Longview, TX",Texas,2019,99.8,,15.6,10,19.5,1.1,4.4,9,15.8,9.2,3.2,12.1
"Longview, WA",Washington,2019,41,,3.5,6.7,8,,,,7.1,3.7,,6.5
"Los Angeles-Long Beach-Anaheim, CA",California,2019,6235,2.4,256,500.5,1110.9,243.8,341.1,972.6,1073,774.9,210.4,749.4
"Louisville/Jefferson County, KY-IN",Kentucky,2019,674.6,,29.7,83.1,151.1,9,46.9,87,97.3,70.5,25.9,74.1
"Lubbock, TX",Texas,2019,150.7,,8.8,4.9,30.8,2.8,7.7,12.9,22.5,20.6,6.2,33.6
"Lynchburg, VA",Virginia,2019,105.9,,6,14.7,19.4,0.7,5.1,11.5,19.9,10.9,4.3,13.3
"Macon-Bibb County, GA",Georgia,2019,102.9,,,,19.5,,9.8,12.1,21.7,10.6,,14.8
"Madera, CA",California,2019,39.7,,1.9,3.4,5.8,0.3,0.8,2.7,8.8,3.7,1.1,11.2
"Madison, WI",Wisconsin,2019,412.7,,18.4,36.4,64.7,17.1,23.9,53.1,50.9,38.5,20.7,89
"Manchester-Nashua, NH",New Hampshire,2019,116.8,,5.5,8,20.2,3.5,8,17.4,26.9,10.5,4.9,11.9
"Manhattan, KS",Kansas,2019,42.3,,,,,,,,,,,13.3
"Mankato, MN",Minnesota,2019,58.7,,,,,,,,,,,9.6
"Mansfield, OH",Ohio,2019,52.1,,2.2,9.9,10,,1.4,4.8,8.1,5.5,2.2,7.7
"McAllen-Edinburg-Mission, TX",Texas,2019,270.8,,8.2,7.2,53.6,2.9,8.9,17.6,79.7,26.9,5.8,60.1
"Medford, OR",Oregon,2019,89.9,0.5,4.8,8.1,20,1.2,4.1,7.8,17.8,11.5,2.8,11.4
"Memphis, TN-MS-AR",Tennessee,2019,655.6,,23.9,45,176.5,5.5,29.6,96.2,98.9,68.3,27.6,84.1
"Merced, CA",California,2019,70.1,,2.6,10,13.3,0.3,1.9,4.4,10.6,6.1,1.5,19.5
"Miami-Fort Lauderdale-Pompano Beach, FL",Florida,2019,2725.2,0.7,142.3,91.5,615.2,51,189.8,452,411.6,334,120.8,316.5
"Michigan City-La Porte, IN",Indiana,2019,41.4,,2,8.1,8.1,0.2,1.3,2.8,5.7,5.5,1.2,6.5
"Midland, MI",Texas,2019,113.7,,39.5,4.3,22.2,0.9,4.9,10.5,7,10.9,4,9.6
"Midland, TX",Michigan,2019,37.4,,,,,,,,,,,3
"Milwaukee-Waukesha, WI",Wisconsin,2019,875.1,0.5,33,120.3,146.1,13.5,50.4,124.7,173,81.9,46.9,84.8
"Minneapolis-St. Paul-Bloomington, MN-WI",Minnesota,2019,2036,,86.6,200.8,357,35.5,159.9,330.5,345.1,191.9,78.9,249.8
"Missoula, MT",Montana,2019,63.1,,,,12.7,,,7.1,10.9,8.4,,10.8
"Mobile, AL",Alabama,2019,186.5,,11.7,18.7,36.5,2,8.5,24.8,28.4,18.2,12.1,25.6
"Modesto, CA",California,2019,181.4,,10.5,21.4,37.7,1,5.3,15.3,34.7,19.2,5.9,30.3
"Monroe, LA",Michigan,2019,41.4,,1.9,5.7,10.7,,0.9,5.5,5.1,4.5,1.5,5.3
"Monroe, MI",Louisiana,2019,78.7,,,6.4,14,,,8.6,15.9,8.5,,12.6
"Montgomery, AL",Alabama,2019,177.7,,6.7,18.2,29.8,2.2,7.5,21.9,20.4,17.3,9.5,44.3
"Morgantown, WV",West Virginia,2019,71,,,3.7,,,,7.7,15.6,7.4,,18.1
"Morristown, TN",Tennessee,2019,47.2,,1.9,12.3,9.7,0.3,1,4.1,5.7,4.3,1.2,6.6
"Mount Vernon-Anacortes, WA",Washington,2019,52.6,,4.9,6.5,10,,,,,5.3,,11.9
"Muncie, IN",Indiana,2019,50.3,,1.8,4.1,8.6,0.3,2.3,,9.2,5.4,1.9,11.5
"Muskegon, MI",Michigan,2019,64.3,,2.5,13.9,13.6,0.4,1.8,3.5,11.7,7.5,2.2,7.2
"Myrtle Beach-Conway-North Myrtle Beach, SC-NC",South Carolina,2019,175.2,,10.8,4.7,37.8,2.3,9.1,16.4,19.6,44.3,6.7,23.7
"Napa, CA",California,2019,74.8,,4.7,13.7,10.3,0.3,2.3,7.2,10.3,13.7,2.1,10.2
"Naples-Marco Island, FL",Florida,2019,155.6,,17.7,4.7,29.2,1.4,8.8,17.3,23.1,30,9.2,14.3
"Nashville-Davidson--Murfreesboro--Franklin, TN",Tennessee,2019,1046.4,,49,84.8,201.2,24.8,71.1,174.9,155.2,121.6,43.5,120.3
"New Bern, NC",North Carolina,2019,45.2,,,,,,,,,,,14.3
"New Orleans-Metairie, LA",Louisiana,2019,585.3,4.3,29.2,30.1,112.7,8.1,31.3,76.4,103.2,91.9,24.4,73.7
"New York-Newark-Jersey City, NY-NJ-PA",New York,2019,9974.9,,419.5,360.7,1736.9,307.2,792.6,1591.8,2060.6,947.7,428.3,1329.6
"Niles, MI",Michigan,2019,63.1,,2.5,13.2,10.6,0.5,2.5,5.7,9.6,7.6,2.4,8.6
"North Port-Sarasota-Bradenton, FL",Florida,2019,314.3,,26.4,17.1,60,3.5,15.4,46.2,56.3,46.1,14.8,28.5
"Norwich-New London, CT",Connecticut,2019,129.8,,4.1,17.8,22,1.4,2.9,9.1,21.9,17,3.5,30.2
"Ocala, FL",Florida,2019,108.3,,8.5,9.3,26.1,0.6,3.9,9.5,18.8,13.5,3,15.3
"Ocean City, NJ",New Jersey,2019,43.4,,,,7.9,,,,4.9,12.3,,8.3
"Odessa, TX",Texas,2019,84.2,,22.4,5.2,19.1,0.7,3.6,4.8,5.3,9,3.8,10.3
"Ogden-Clearfield, UT",Utah,2019,268.3,,20.5,35.3,47,1.9,11,31.5,34.7,25.4,6.8,54
"Oklahoma City, OK",Oklahoma,2019,660.9,18.9,32.1,34.5,115.4,7.1,33.8,88.1,97.3,74.6,28.8,130.3
"Olympia-Lacey-Tumwater, WA",Washington,2019,120.9,,6.9,3.1,19.2,1.5,4,12.3,18.8,11.1,4.9,39.1
"Omaha-Council Bluffs, NE-IA",Nebraska,2019,507,,30.5,33.6,96.1,10.5,46,73.1,79.7,52,18.6,66.9
"Orlando-Kissimmee-Sanford, FL",Florida,2019,1327.3,0.3,85.9,49.3,242.8,25.6,78.3,235.9,160.7,276.2,44.8,127.6
"Oshkosh-Neenah, WI",Wisconsin,2019,96.9,,5.6,22.4,15.1,1.4,4.5,12,11.5,7.4,5.5,11.7
"Owensboro, KY",Kentucky,2019,53.2,,2.7,8.9,10.1,0.4,3.5,4.5,9.7,5.1,1.7,6.7
"Oxnard-Thousand Oaks-Ventura, CA",California,2019,312.8,0.9,17.1,26.6,57.8,5.2,15.9,44.4,49.6,38.5,9.7,47.1
"Palm Bay-Melbourne-Titusville, FL",Florida,2019,231.7,,15.4,27.4,38.2,2.4,8.6,35.2,38.3,28.6,9,28.4
"Panama City, FL",Florida,2019,80.7,,6.9,3,15.7,0.8,4.5,11.1,9.6,12.9,2.7,13.5
"Parkersburg-Vienna, WV",West Virginia,2019,38.5,,,2.8,,,,,6.8,,,7.6
"Pensacola-Ferry Pass-Brent, FL",Florida,2019,185.9,,12.2,7.1,33.8,1.7,14.9,24.4,31,25.8,6.6,28.6
"Peoria, IL",Illinois,2019,171.2,,7.7,23.3,31.4,1.9,7.1,22.6,31.1,17.6,7.8,20.7
"Philadelphia-Camden-Wilmington, PA-NJ-DE-MD",Pennsylvania,2019,2981.3,,120.7,183.8,530.4,51.8,217.9,470.3,668.7,277.4,122.8,337.5
"Phoenix-Mesa-Chandler, AZ",Arizona,2019,2180.2,3.5,133.1,133.7,410.4,40.6,200.6,371.9,339.1,233.3,70.3,243.9
"Pine Bluff, AR",Arkansas,2019,32.7,,,,,,,,,,,9
"Pittsburgh, PA",Pennsylvania,2019,1193.1,11.7,63,87,207.8,19,76.5,182.9,260.3,120.5,49.7,114.8
"Pittsfield, MA",Massachusetts,2019,40.9,,2.1,3.2,7.1,0.8,1.9,4.3,9.2,5.3,1.7,5.4
"Pocatello, ID",Idaho,2019,37.3,,1.9,2.3,6.8,0.3,1.6,4.5,6.3,4.2,1.2,8.2
"Portland-South Portland, ME",Florida,2019,155.6,,12,7.5,31,1.2,5.9,20.7,28.6,20.9,8,19.8
"Portland-Vancouver-Hillsboro, OR-WA",Maine,2019,213.1,,10.2,14.4,38.8,3.3,17.1,29.8,43.3,24.8,8.1,23.5
"Port St. Lucie, FL",Oregon,2019,1228.1,1.3,76,129.3,221.8,26.4,73.5,190,188.1,126.5,42.8,152.6
"Poughkeepsie-Newburgh-Middletown, NY",New Hampshire,2019,94.2,,2.7,8.8,16.9,2.2,5.4,13.9,14.3,12.4,2.9,14.6
"Prescott Valley-Prescott, AZ",Arizona,2019,65.9,,6.3,3.8,12.7,0.5,2.1,4.4,12.5,10.5,2.4,11
"Provo-Orem, UT",Utah,2019,270.6,,25.4,20.6,44.4,13.9,9.5,39.1,56,22.8,5.8,33.1
"Pueblo, CO",Colorado,2019,63.7,,3.6,4.7,11.9,0.6,1.9,6.5,12.9,6.8,2.2,12.7
"Punta Gorda, FL",Florida,2019,50,,4.3,0.8,11.7,0.4,2.3,4.4,10,7.8,2.2,6.2
"Racine, WI",Wisconsin,2019,78.7,,3.1,17.7,14.8,0.5,2.4,6.8,12.1,7.8,3.8,9.6
"Raleigh-Cary, NC",North Carolina,2019,645.9,,41.2,31.3,112.7,22.5,33.6,124.1,82,73.4,26.7,98.3
"Rapid City, SD",South Dakota,2019,69.1,,5,2.8,13.4,0.8,3.7,5.9,12.2,10.4,3.4,11.3
"Reading, PA",Pennsylvania,2019,181.8,,7.9,32.2,33.6,1.1,6,24.6,32.3,15.2,8.1,20.8
"Redding, CA",California,2019,67.3,,3.9,2.6,13,0.5,2.8,6.1,15.5,7,2.4,13.6
"Reno, NV",Nevada,2019,248,0.3,18.2,25.4,54.3,3.1,10.9,32.1,28,39,6.5,30.3
"Richmond, VA",Virginia,2019,687,,40.1,32,121.9,7,53,118.8,102.1,68.6,30.9,112.6
"Riverside-San Bernardino-Ontario, CA",California,2019,1552.1,1.2,107.2,100.6,394.4,11.5,45,158.7,250.3,175.9,46.2,261.2
"Roanoke, VA",Virginia,2019,162.8,,9,15.6,33,1.3,8.1,22.3,28,15.5,7.3,22.9
"Rochester, MN",New York,2019,539.7,0.7,21.9,56.9,82.5,7.8,22.4,69,133,46.9,19.1,79.7
"Rochester, NY",Minnesota,2019,124.1,,5.1,11.1,17.5,1.5,2.8,5.7,52,11.5,3.9,13.1
"Rockford, IL",Illinois,2019,150.6,,5.5,31.9,30.1,1.6,5,13.3,24.9,14.6,8.6,15.3
"Rocky Mount, NC",North Carolina,2019,56.1,,2.7,10.3,11.7,,,4.9,6.8,5.3,,10.6
"Rome, GA",Georgia,2019,41.8,,,6.2,7.7,,,,10.7,,,5.7
"Sacramento-Roseville-Folsom, CA",California,2019,1022.7,0.5,69.4,36.8,161.3,11.9,52.5,137.4,166.6,109.6,35.4,241.4
"Saginaw, MI",Michigan,2019,87.7,,3.2,12.2,16.8,1.3,3.8,11.2,16,9,3.1,11.1
"Salem, OR",Oregon,2019,173.2,0.6,12.3,13.2,28.9,1.4,7.1,15.6,31,15.8,5.4,41.9
"Salinas, CA",California,2019,145.1,0.3,6.5,5.3,26.6,1,4.4,14.7,20.4,26.1,5.1,34.7
"Salisbury, MD-DE",Delaware,2019,164.6,,9.4,14.6,31.7,1.2,6.4,15.4,26.5,29.4,5.7,24.4
"Salt Lake City, UT",Utah,2019,752.8,,46.8,59.2,149.5,20.5,60.2,131.3,86.6,64.5,22.6,111.6
"San Angelo, TX",Texas,2019,50,,4,3.3,9.8,0.7,2.6,4.1,8,6.3,2,9.3
"San Antonio-New Braunfels, TX",Texas,2019,1077.5,10.8,56.3,51.2,183,20.2,94,142.4,168.4,138.2,39.6,173.6
"San Diego-Chula Vista-Carlsbad, CA",California,2019,1503.2,0.4,84,115.7,224.2,23.5,76.5,255.7,216.6,201.7,56.4,248.6
"San Francisco-Oakland-Berkeley, CA",California,2019,2482.9,0.3,127.6,145.7,374,128.2,146.7,499.9,365.5,284.4,88.4,322.1
"San Jose-Sunnyvale-Santa Clara, CA",California,2019,1149.9,0.2,53,172,130.6,100.6,37.9,243.1,178.7,107.5,28.9,97.3
"San Luis Obispo-Paso Robles, CA",California,2019,119.5,,8.3,7.8,20.5,1.2,3.9,11.2,18.2,19.8,4.1,24.5
"Santa Cruz-Watsonville, CA",California,2019,103.7,,4.5,7.1,16.8,0.6,3.4,10.9,18,14.8,5.3,22.4
"Santa Fe, NM",New Mexico,2019,63.3,,3,0.9,10,0.9,2.5,5.5,10.6,11.6,3.4,15
"Santa Maria-Santa Barbara, CA",California,2019,194,1.1,8.9,12.9,27.2,4.1,6.9,29.7,28.4,29,6.5,39.4
"Santa Rosa-Petaluma, CA",California,2019,209,0.2,16.5,23.4,36.1,2.6,8.7,23.4,35.8,25.8,7.1,29.5
"Savannah, GA",Georgia,2019,189.9,,8.2,18.7,43.4,2.8,6.4,24.2,26.7,27.1,7.6,24.8
"Scranton--Wilkes-Barre, PA",Pennsylvania,2019,263.2,,10.5,28.6,63.5,2.9,13.1,28.3,55.2,23.5,8.8,29
"Seattle-Tacoma-Bellevue, WA",Washington,2019,2090.8,1.1,128.8,184.3,398,128.4,103.1,302.1,283,207.8,78.7,275.5
"Sebastian-Vero Beach, FL",Florida,2019,54.4,,4.5,2.3,10.6,0.6,2.8,6.5,10.9,8.3,2.8,5.3
"Sebring-Avon Park, FL",Florida,2019,26.2,,,,,,,,,,,4.3
"Sheboygan, WI",Wisconsin,2019,63.5,,2.3,22.8,9.2,0.2,3,4.2,8,5.3,2.8,5.8
"Sherman-Denison, TX",Texas,2019,48.8,,3,5.7,8.8,0.4,2.5,3.4,11,5.6,1,7.3
"Shreveport-Bossier City, LA",Louisiana,2019,181.1,5,7.8,11,36.6,1.8,7.5,18.5,32.7,23.5,6.5,30.3
"Sierra Vista-Douglas, AZ",Arizona,2019,33.9,,1.9,0.6,5.9,0.4,0.8,4.4,4.6,3.6,0.7,10.9
"Sioux City, IA-NE-SD",Iowa,2019,88.5,,,17.9,19,,,8,,8.2,,10.7
"Sioux Falls, SD",South Dakota,2019,160.1,,9.3,14.4,32.8,2.6,15.7,15.8,33.2,15.7,5.9,14.7
"South Bend-Mishawaka, IN-MI",Indiana,2019,146.6,,6,17.3,26,1.4,6.1,14.3,39.7,14.8,6.2,14.9
"Spartanburg, SC",South Carolina,2019,165.5,,7.7,37.3,34.9,0.7,4.9,19.3,14.7,14.4,5.4,26.3
"Spokane-Spokane Valley, WA",Washington,2019,255.6,,15.1,18.1,47.3,3.4,14.8,26.8,52.5,24.3,10.1,43.1
"Springfield, IL",Illinois,2019,108.3,,3.7,3.3,16.4,2.6,6.4,10.7,21.5,10.7,6.2,26.9
"Springfield, MA",Massachusetts,2019,339.5,,11.8,29.6,60.1,3.1,16.2,26.6,83.5,32.9,13.2,62.5
"Springfield, MO",Missouri,2019,219.2,,9.4,17,49.2,4,11.7,24.2,41,22.8,9,30.6
"Springfield, OH",Ohio,2019,49.8,,1.2,7.1,9.4,,3.5,5.3,8.9,5.2,2,7.1
"St. Cloud, MN",Minnesota,2019,110.7,,7,15.6,22.6,1.5,5.5,9.4,21.7,8.3,4.1,15.2
"St. George, UT",Utah,2019,70.6,,8.1,3.5,16.1,0.8,2.7,5.7,12.2,10,2.1,9.4
"St. Joseph, MO-KS",Missouri,2019,62.5,,,,10.7,,,,,,,11.6
"St. Louis, MO-IL",Missouri,2019,1406.1,,68.5,119.1,258.7,27.2,92.6,213.6,264.5,152.7,51.8,157.5
"State College, PA",Pennsylvania,2019,80.1,,,4.3,9.7,,,6.7,10.1,7.4,,32.2
"Staunton, VA",Virginia,2019,51.5,,,,,,,,,,,8.8
"Stockton, CA",California,2019,247,0.1,13.1,20.6,69.1,1.6,7.9,20.2,39.1,22.6,7.8,44.9
"Sumter, SC",South Carolina,2019,39.7,,,7,,,,,,,,6.7
"Syracuse, NY",New York,2019,320.4,,13.2,26.1,60.3,4.3,14.5,35.9,65.6,29.8,11.9,58.8
"Tallahassee, FL",Florida,2019,186.6,,8.8,3.4,24.6,3.1,7.8,22.3,24.8,20.9,9,62.1
"Tampa-St. Petersburg-Clearwater, FL",Florida,2019,1385.6,0.3,81.6,69,252.6,25.6,121.7,248.6,218.7,162.8,47.5,157.3
"Terre Haute, IN",Indiana,2019,67.6,,3.7,10,12.4,0.5,2.5,4.5,12.1,7.6,2.8,11.5
"Texarkana, TX-AR",Texas,2019,60.6,,2.9,5.5,13.5,0.3,2.3,4.4,9.8,7,2.1,12.9
"The Villages, FL",Florida,2019,31.9,,,,,,,,,,,5.2
"Toledo, OH",Ohio,2019,311.4,,15.5,46.8,56.6,3,11.2,36.6,50.9,33.5,11.9,45.3
"Topeka, KS",Kansas,2019,111.5,,5.4,8.1,16.7,1.3,7.5,12.8,19.2,8.8,4.8,26.9
"Trenton-Princeton, NJ",New Jersey,2019,281.3,,5.7,10.9,39,4.3,20.1,49.7,50.4,15.9,10.2,75.1
"Tucson, AZ",Arizona,2019,391.1,1.9,18,27.9,63.3,5.8,17.3,50.5,68.4,45.1,13.9,79
"Tulsa, OK",Oklahoma,2019,462.3,6.7,25.6,55.2,83.1,6.7,23.3,63,73.5,46.5,20.3,58.4
"Tuscaloosa, AL",Alabama,2019,113.3,,7,17.3,16.6,2,4.1,12.3,9.3,11.6,4.3,28.9
"Twin Falls, ID",Idaho,2019,47.2,,,,,,,,,,,6.5
"Tyler, TX",Texas,2019,107.9,,6.8,6.6,23.4,1.5,4.4,10.5,24.4,11.6,4.2,14.5
"Urban Honolulu, HI",Hawaii,2019,473.9,,27,11,87.9,7.4,23,57.3,65.6,76,21.7,97.1
"Utica-Rome, NY",New York,2019,128.6,,3.4,11.4,20.4,1,7.4,8.1,29.2,10.9,4.8,31.9
"Valdosta, GA",Georgia,2019,56.6,,,,12.8,,,,,,,13.2
"Vallejo, CA",California,2019,143.4,0.5,12.3,12.5,27,1.2,5.1,10.2,29,16.1,4.7,24.8
"Victoria, TX",Texas,2019,41.3,,4.3,2.1,10.8,0.3,1.7,2.5,6.2,4.4,1.8,7.2
"Vineland-Bridgeton, NJ",New Jersey,2019,59.3,,2.9,8.9,13.7,0.6,1.2,4.2,11.5,3.7,1.9,10.7
"Virginia Beach-Norfolk-Newport News, VA-NC",Virginia,2019,797.5,,38.8,58.7,130.1,10.4,39.4,115,114.3,94.8,34.9,161
"Visalia, CA",California,2019,128.4,,6.4,12.9,27.7,0.7,4,11.4,17.1,12.1,3.5,32.7
"Waco, TX",Texas,2019,122.6,,7.7,15.8,21.5,1,7.4,12.2,20.9,12.8,3.6,19.8
"Walla Walla, WA",Washington,2019,28.3,,1.1,4.2,3.9,0.3,1,1,7.2,2.6,0.7,6.3
"Warner Robins, GA",Georgia,2019,78.1,,,,11.2,,,,,,,28.1
"Washington-Arlington-Alexandria, DC-VA-MD-WV",District of Columbia,2019,4145.2,,179.7,58,442.2,96.3,190.6,949.5,579.7,418.8,287.5,943.2
"Waterloo-Cedar Falls, IA",Iowa,2019,90.9,,,16.6,17.5,,4.9,6.6,14.7,7.8,,14
"Watertown-Fort Drum, NY",New York,2019,41.5,,1.8,2,8.3,0.6,1.3,2.2,7,4.5,2,11.9
"Wausau-Weston, WI",Wisconsin,2019,73.5,,2.7,18.7,13.6,0.4,5.4,6.2,9.9,6,3.2,7.5
"Weirton-Steubenville, WV-OH",Ohio,2019,40.7,,1.7,5.5,8.3,,,2.2,8.9,4.6,,6.5
"Wenatchee, WA",Washington,2019,46.3,,3,2.6,9.9,,,,7.6,6.9,,9.5
"Wheeling, WV-OH",West Virginia,2019,65.5,,,3,,,,,12.5,,,9.6
"Wichita, KS",Texas,2019,59.5,,3,5.3,10.7,0.7,2.6,4.7,11.2,6.7,2.3,12.5
"Wichita Falls, TX",Kansas,2019,306.1,,16.9,54.9,50.6,3.9,11.8,35.7,46.8,33.1,10.5,41.9
"Williamsport, PA",Pennsylvania,2019,53.3,,,8,10.1,,,,10.2,4.5,,7.1
"Wilmington, NC",North Carolina,2019,132.3,,9.2,6,26,3.2,6.1,16.6,15.7,20.5,4.8,24.1
"Winchester, VA-WV",Virginia,2019,65.9,,,,14.1,,,,,,,10.1
"Winston-Salem, NC",North Carolina,2019,272.1,,11.4,33.2,48.2,1.7,13.8,37.6,56.9,29.3,9.1,31.1
"Yakima, WA",Washington,2019,87.1,,4.2,8.7,19.1,,,4.4,18.2,8.3,,18.1
"York-Hanover, PA",Pennsylvania,2019,188.2,,12.1,32.1,38.2,1,5.3,24.1,29.2,16.3,10.2,19.8
"Youngstown-Warren-Boardman, OH-PA",Ohio,2019,216.7,,9.6,25.9,45.1,1.8,7.2,19.9,43.9,24.6,9.5,29.3
"Yuba City, CA",California,2019,46.3,,2.9,2.3,9.4,0.3,1.5,3.2,8.8,4.7,1.2,12
"Yuma, AZ",Arizona,2019,57.6,,3.1,2.6,11.8,0.5,2.1,6.7,8.3,6.3,1.7,14.6
"Bridgeport-Stamford-Norwalk, CT",Connecticut,2019,484.6,,12.8,28.8,84.5,12.2,37.5,75.9,76.8,51.4,17.8,53.8
"Boston-Cambridge-Newton, MA-NH",Massachusetts,2019,2876.3,,124.3,193.9,436.6,82.7,189.4,523.9,604.7,287.2,107,326.6
"Providence-Warwick, RI-MA",Rhode Island,2019,667.2,0.2,27.9,57.8,112.8,7.4,39.8,80.5,146.8,77.4,30.1,86.5
"New Haven-Milford, CT",Connecticut,2019,361.1,,14.2,31.6,65.5,5,14,35.7,103.2,31.9,14,46.1
"Worcester, MA-CT",Massachusetts,2019,344.1,,13.3,34.8,63.4,3.7,16.1,33.4,81.6,31.7,12.6,53.5
"Abilene, TX",Texas,2020,70.1,,4.7,3.2,13.2,1,4.3,6.3,15.2,7,2.5,12.7
"Akron, OH",Ohio,2020,319.1,,14.1,36.9,66.3,4.7,15.3,46.6,53.6,28,12,41.5
"Albany, GA",Oregon,2020,44.1,0.4,3,8,10.6,0.4,1.4,3,6.6,3.2,1.3,6.4
"Albany-Lebanon, OR",Georgia,2020,60,,,,12.2,,,,,,,11.9
"Albany-Schenectady-Troy, NY",New York,2020,437,,19.4,25.5,69.7,7.8,26,54.5,90.5,28.8,15.7,99.2
"Albuquerque, NM",New Mexico,2020,374.5,,24.5,15.6,60.2,5.2,18.9,61.3,63.7,35.1,10.9,79
"Alexandria, LA",Louisiana,2020,59.5,,,,10.8,,,,,,,13.5
"Allentown-Bethlehem-Easton, PA-NJ",Pennsylvania,2020,353,,12.5,37.7,85.1,4.8,13.3,46.3,74.7,28.3,12.3,38
"Altoona, PA",Pennsylvania,2020,57.5,,2.9,6.7,13.6,0.8,1.4,4.8,12.7,4.4,2.5,7.8
"Amarillo, TX",Texas,2020,118.3,,7.6,13.9,25.3,1.2,6.7,8.7,16.3,12.5,4.8,21.4
"Ames, IA",Iowa,2020,50.6,,,,,,,,,,,20.7
"Anchorage, AK",Alaska,2020,163.6,2.5,9.9,2.1,35,3.5,7.6,18.1,30.8,15.6,5.7,32.9
"Ann Arbor, MI",Michigan,2020,210.6,,4.5,12.7,25.1,6,6.5,29.1,27.8,13,5.5,80.4
"Anniston-Oxford, AL",Alabama,2020,45.3,,1.2,6.4,8.8,0.4,1.3,4,4.5,4.4,1.7,12.7
"Appleton, WI",Wisconsin,2020,121.5,,9,24,22.9,1.5,7,13.4,15.8,9.6,6.6,11.7
"Asheville, NC",North Carolina,2020,183.1,,9.4,20.9,34.6,1.7,6.3,17.7,35.2,23.1,9,25.3
"Athens-Clarke County, GA",Georgia,2020,92.1,,,,15.7,,,8.3,,9.4,,27.7
"Atlanta-Sandy Springs-Alpharetta, GA",Georgia,2020,2699.7,1.6,127.8,163.7,581.9,96.1,178.7,526.3,355.4,243.2,94,330.9
"Atlantic City-Hammonton, NJ",New Jersey,2020,112.2,,5.1,2.3,18.7,0.5,3.8,10.8,19.6,27.2,4.2,19.9
"Auburn-Opelika, AL",Alabama,2020,64.1,,2.8,6,12.3,0.5,1.9,6.9,4.6,7.7,2.4,18.9
"Augusta-Richmond County, GA-SC",Georgia,2020,234.8,,19.9,22.5,40,2.2,6.4,32,34.7,23.4,8,45.6
"Austin-Round Rock-Georgetown, TX",Texas,2020,1086.1,,69.6,62.8,185,39.5,68.1,199.3,126.1,106,41.8,187.9
"Bakersfield, CA",California,2020,259.5,7.9,15.3,12.4,52.1,1.5,7.3,26.5,41,22.8,7.3,65.4
"Baltimore-Columbia-Towson, MD",Maryland,2020,1333.2,,79.7,58.1,237.6,16.6,77.1,232.4,264.3,101.6,44.8,221.1
"Bangor, ME",Maine,2020,64,0.2,3.1,2.4,13.3,0.7,2.3,7.2,15.8,4.9,2,12.1
"Barnstable Town, MA",Massachusetts,2020,94.8,,6.9,3.3,19.5,1.2,3.6,9.1,17.7,14.6,3.9,14.8
"Baton Rouge, LA",Louisiana,2020,383.7,0.9,41.1,29.2,67.5,4.5,17.1,47.6,52.1,33.1,15,75.7
"Battle Creek, MI",Michigan,2020,52.4,,1.7,10.1,8.8,,1.1,5.2,9.8,3.7,1.8,10
"Bay City, MI",Michigan,2020,32.5,,1.3,4.5,6.8,0.3,1.3,2.5,6,3.6,1,5.3
"Beaumont-Port Arthur, TX",Texas,2020,154.2,,17.4,20.4,30.6,0.9,5.7,13.8,20.8,14.4,5.2,24.9
"Beckley, WV",West Virginia,2020,41.6,,,,,,,,,,,8.7
"Bellingham, WA",Washington,2020,89,,7.6,9.7,15.6,,4.1,8.1,,8.4,,17.1
"Bend, OR",Oregon,2020,83,,7.3,5.3,15.8,1.7,4.8,10.3,14.4,11.4,2.8,9.1
"Billings, MT",Montana,2020,83.7,,,,20.2,,,8.7,15.5,10.9,,9.6
"Binghamton, NY",New York,2020,93.1,,3.8,10.5,17.1,1.3,3.1,8,16.4,7.5,4.7,20.6
"Birmingham-Hoover, AL",Alabama,2020,520.4,2.5,28.8,37,104.6,7.5,42.5,67.5,72.7,43.8,28.9,84.6
"Bismarck, ND",North Dakota,2020,70.2,,4.5,1.8,13.7,0.7,3.4,7.4,14.1,6.5,2.8,15.4
"Blacksburg-Christiansburg, VA",Virginia,2020,74,,,,,,,,,,,24.3
"Bloomington, IL",Illinois,2020,87.5,,2.8,3.3,13.6,0.5,19.6,9.4,10.5,8.6,3.3,15.8
"Bloomington, IN",Indiana,2020,74.8,,3.2,9.5,9.5,0.9,3,5.3,10.8,7.1,2,23.5
"Bloomsburg-Berwick, PA",Pennsylvania,2020,40.7,,1.2,4.8,6.1,,,4.5,11.6,2.9,,5.7
"Boise City, ID",Idaho,2020,343.8,,28.6,28.5,66.6,3.6,20.3,52.9,51.8,32,12.1,47.5
"Boulder, CO",Colorado,2020,187.2,,5.6,20.2,24.9,8.5,7.2,38.1,24.7,15.9,5.8,36.5
"Bowling Green, KY",Kentucky,2020,71.7,,3.3,12.1,13.6,,,8.7,11,7.2,,11.3
"Bremerton-Silverdale-Port Orchard, WA",Washington,2020,90.8,,5.1,2.7,13.2,,,8.5,,8.1,,33.2
"Brownsville-Harlingen, TX",Texas,2020,140.2,,3.4,5.8,24.1,0.5,4.7,12.6,42.1,14.4,2.9,29.7
"Brunswick, GA",Georgia,2020,41.7,,,,8.4,,,,,,,8.6
"Buffalo-Cheektowaga, NY",New York,2020,509.3,,19.6,49.2,91.6,6,35.5,66.4,91.4,43,21.3,85.3
"Burlington, NC",North Carolina,2020,60.9,,3.2,8.4,12.7,0.3,2,5.5,12.7,7,2.4,6.6
"Burlington-South Burlington, VT",Vermont,2020,115.6,,5.5,12.1,20.4,2.2,4.6,14.6,21.6,9,3.7,21.8
"California-Lexington Park, MD",Maryland,2020,46.9,,,,,,,,,,,15.2
"Canton-Massillon, OH",Ohio,2020,162.5,,8.2,25.2,30.3,1.3,7.2,15.3,31.4,16.7,7.4,19.6
"Cape Coral-Fort Myers, FL",Florida,2020,267.2,,33.1,6.4,53.2,2.8,13.5,36.4,30.7,36.7,10.7,43.7
"Cape Girardeau, MO-IL",Missouri,2020,43.3,,,,,,,,,,,6.2
"Carbondale-Marion, IL",Illinois,2020,54.9,,,,,,,,,,,16.7
"Carson City, NV",Nevada,2020,29.5,,,2.5,4.3,,,2.2,,3,,9.2
"Casper, WY",Wyoming,2020,37,1.9,2.7,1.6,8.4,0.3,1.9,2.6,6.1,4.2,1.6,5.7
"Cedar Rapids, IA",Iowa,2020,136.8,,8,19.4,30.3,3.1,11.2,14.2,20.4,9.9,4.8,15.5
"Chambersburg-Waynesboro, PA",Pennsylvania,2020,58.2,,2.4,8.5,14.9,,,5.8,10.2,4.5,,7.7
"Champaign-Urbana, IL",Illinois,2020,112.4,,3.7,7.5,16.1,1.8,4.6,9.7,16.3,9.8,3.2,39.5
"Charleston, WV",West Virginia,2020,102,,5.8,3,16.6,1.4,6.7,12.8,20.7,8,3.6,23.5
"Charleston-North Charleston, SC",South Carolina,2020,354.1,,20.8,27.9,66.6,5.4,15.8,54.8,42,40.7,13.9,66
"Charlotte-Concord-Gastonia, NC-SC",North Carolina,2020,1190.7,,68.5,102.9,246.3,23.3,109.1,207.7,121.5,116.7,42.3,152.3
"Charlottesville, VA",Virginia,2020,112.8,,5.7,3.9,14.2,1.9,4.9,15.6,14.4,10.4,5.4,36.5
"Chattanooga, TN-GA",Tennessee,2020,256.7,,11.1,33,52.8,2.4,22.5,27.3,33.5,24.9,11.8,37.4
"Cheyenne, WY",Wyoming,2020,46.2,,3.8,1.3,9.9,0.8,2.3,3.8,4.6,4.5,1.5,13.8
"Chicago-Naperville-Elgin, IL-IN-WI",Illinois,2020,4404.7,1.7,168,398.4,907.6,73.5,315.2,782.5,699,358.9,177.3,522.6
"Chico, CA",California,2020,73.4,,4.2,4,13.6,0.7,3,5.4,17.5,7.1,3,14.9
"Cincinnati, OH-KY-IN",Ohio,2020,1054.7,,47.2,113.7,212.8,13,73.2,165.5,163.8,101.3,36.5,127.8
"Clarksville, TN-KY",Tennessee,2020,90.6,,3.4,11.2,18,1,3.1,9.1,12,10.9,3.2,18.6
"Cleveland, TN",Tennessee,2020,48,,2.1,8.5,11.6,0.2,1.3,6.3,5.8,4.6,2.2,5.4
"Cleveland-Elyria, OH",Ohio,2020,1004.5,,36.8,114.7,178.2,12.2,65.5,151.5,196.5,82.5,34.8,131.8
"Coeur d'Alene, ID",Idaho,2020,67.3,0.2,6.1,5,12.7,0.6,3.9,7.3,8.5,9.2,2.1,11.7
"College Station-Bryan, TX",Texas,2020,117.6,,7.1,5.5,16.4,1.3,3.8,10.2,12.1,14.1,3,44
"Colorado Springs, CO",Colorado,2020,289.5,,18.5,11.7,43.3,5.3,18.9,47.3,41.4,32.2,17.3,53.6
"Columbia, MO",South Carolina,2020,387,,16.9,31,71.5,4.9,32,49.9,48.6,33.6,15.2,83.3
"Columbia, SC",Missouri,2020,96,,,,15,,,,,,,28.6
"Columbus, GA-AL",Georgia,2020,117.5,,4.8,10.5,17.3,1.1,12.4,14.7,15.7,13.3,3.9,23.7
"Columbus, IN",Indiana,2020,49.5,,1.7,18.5,7.4,0.3,1.5,4.9,4.3,3.6,1.4,5.9
"Columbus, OH",Ohio,2020,1063.9,,43.9,70.4,215.2,15.3,85.6,174.5,155.6,87.6,37.8,177.8
"Corpus Christi, TX",Texas,2020,180.9,,19.8,8.1,32,1.5,8.2,17.5,31.4,22.5,5.7,34.3
"Corvallis, OR",Oregon,2020,39.7,,1.5,2.8,4.4,0.6,1.5,4.2,6.9,3.3,1.3,13.3
"Crestview-Fort Walton Beach-Destin, FL",Florida,2020,115.6,,6.9,3.4,20.3,1.3,7,18.5,12.2,20.4,4.7,20.9
"Cumberland, MD-WV",Maryland,2020,36,,,,,,,,,,,7.8
"Dallas-Fort Worth-Arlington, TX",Texas,2020,3666.2,,220,280.9,794.8,78.8,324.5,628.3,447.4,331.2,113.2,447.1
"Dalton, GA",Georgia,2020,63.7,,,21.7,13.3,,,6.9,,,,7
"Danville, IL",Illinois,2020,26,,0.6,4.6,6.5,0.1,1.1,2,2.6,1.9,1.1,5.5
"Daphne-Fairhope-Foley, AL",Alabama,2020,76.6,,,,,,,,,,,10.1
"Davenport-Moline-Rock Island, IA-IL",Illinois,2020,174.2,,9.4,22.6,36.1,1.4,7.2,23.6,25.9,15.8,7.5,24.7
"Dayton-Kettering, OH",Ohio,2020,370.5,,13.6,40.6,63.8,7,17.8,50.2,71.6,33.1,12.5,60.5
"Decatur, AL",Alabama,2020,56.5,,4.4,13.3,10.4,0.3,2.1,5.9,4.9,4.7,2.1,8.3
"Decatur, IL",Illinois,2020,47.1,,3.1,10.6,9.9,0.3,1.9,2.3,7.7,4,2.1,5.3
"Deltona-Daytona Beach-Ormond Beach, FL",Florida,2020,198.6,,14.2,10.7,38.1,2,9,23.5,39.6,27.8,8.1,25.7
"Denver-Aurora-Lakewood, CO",Colorado,2020,1458.5,,108.6,69,274.6,50.8,111.6,273,184.9,131,54,201.1
"Des Moines-West Des Moines, IA",Iowa,2020,356.9,,20.7,20.4,66.9,6.2,56.9,49.3,50.3,29.1,12.8,44.4
"Detroit-Warren-Dearborn, MI",Michigan,2020,1841,,72.7,225.7,352.5,25.7,121.8,361.1,292.1,144.6,63.8,181.1
"Dothan, AL",Alabama,2020,58,,2.6,5.2,15,0.4,2.1,4.9,8.7,5.9,2.6,10.6
"Dover, DE",Delaware,2020,67.1,,2.8,4.8,12.9,0.4,1.6,5.9,10.9,6.4,2.3,19.2
"Dubuque, IA",Iowa,2020,57.5,,,,12.1,,,,,,,4.6
"Duluth, MN-WI",Minnesota,2020,126.7,,8.9,7.7,23.3,1.1,5.2,7.5,31.3,11.5,5.5,24.7
"Durham-Chapel Hill, NC",North Carolina,2020,315.4,,9.2,32.8,38.5,5.5,16.1,46.1,70.9,21.3,10.9,64.1
"East Stroudsburg, PA",Pennsylvania,2020,53.4,,1.7,5,11.8,,,3.8,7.5,8.9,,11.1
"Eau Claire, WI",Wisconsin,2020,83.3,,3.6,10.6,17,0.7,3.8,9.1,15.8,7.2,4.2,11.2
"El Centro, CA",California,2020,50,,1.9,1.8,11.1,0.2,1.1,2.7,8.7,3.3,0.8,18.3
"Elizabethtown-Fort Knox, KY",Texas,2020,312.3,,17.5,16.7,65.5,4.5,13.4,36.2,47,32.4,8.1,71
"Elkhart-Goshen, IN",Kentucky,2020,52.3,,1.9,7.3,8.9,,,4.9,5,5.1,,14.7
"Elmira, NY",Indiana,2020,128.8,,4,61.7,19.5,0.4,3.1,9.3,11.5,6.6,4.2,8.5
"El Paso, TX",New York,2020,34.2,,1.4,4.7,7.5,0.4,1.1,1.9,6.6,2.9,1.2,6.4
"Enid, OK",Oklahoma,2020,24.2,,,,,,,,,,,3.7
"Erie, PA",Pennsylvania,2020,117.4,,3.9,18.4,19.5,0.9,6.5,9.1,28.6,10.7,4.9,15
"Eugene-Springfield, OR",Oregon,2020,151.7,0.8,7.4,13.8,28.7,2,8,17.4,27.9,13.8,4.8,27.1
"Evansville, IN-KY",Indiana,2020,150.5,,9.5,21.9,29.8,1.7,5.7,18.2,27.6,13.9,6.5,15.8
"Fairbanks, AK",Alaska,2020,35.2,0.8,2.6,0.5,7.1,0.3,1.1,2.6,5.4,3.5,1,10.2
"Fargo, ND-MN",North Dakota,2020,138.6,,8.8,9.9,29.6,3,11.7,13.7,27.2,11.6,4.8,18.3
"Farmington, NM",New Mexico,2020,42.8,,,,,,,,,,,10.4
"Fayetteville, NC",North Carolina,2020,125.6,,5,8.1,23,1,3.8,11.6,14.9,14.4,4.3,39.6
"Fayetteville-Springdale-Rogers, AR",Arkansas,2020,261.7,,13,30.7,56.4,2,8.6,50.6,29.6,23.6,9.6,37.6
"Flagstaff, AZ",Arizona,2020,62.9,,2.6,3.8,8.7,0.4,1.5,3.1,9.2,12.7,1.7,19.2
"Flint, MI",Michigan,2020,126.2,,5.3,12.3,26,1.1,5.9,16,24.9,12.4,4.7,17.7
"Florence, SC",South Carolina,2020,88.2,,,,18.5,,,,,,,17.3
"Florence-Muscle Shoals, AL",Alabama,2020,54.8,,3.9,8.1,11,0.4,2.3,4,7.2,5.8,2.3,9.9
"Fond du Lac, WI",Wisconsin,2020,46,,3.3,10.4,8.5,0.8,1.9,2.4,7.1,3.7,2.4,5.4
"Fort Collins, CO",Colorado,2020,165.6,,11.6,14,27.2,3.1,6.8,20.1,18.1,17.6,6.2,41
"Fort Smith, AR-OK",Arkansas,2020,109,,5.4,16.8,23,1.1,3.7,11.5,16.7,8.5,4.4,17.9
"Fort Wayne, IN",Indiana,2020,215.3,,11.6,34.5,43,2.1,12.1,21.2,41.7,18.4,10.4,20.3
"Fresno, CA",California,2020,348.9,0.3,18.6,25.8,70,3,13.5,33.8,72,28.6,11,72.5
"Gadsden, AL",Alabama,2020,33.9,,1.1,4.4,6.6,0.2,1.2,3.4,7.1,3.4,1.5,5.1
"Gainesville, FL",Florida,2020,141.9,,6.1,4.5,20.2,1.6,6.9,15.3,27.1,13.2,3.9,43.3
"Gainesville, GA",Georgia,2020,92,,,,17.6,,,,,,,10.7
"Gettysburg, PA",Pennsylvania,2020,32.4,,1.7,7.3,4.9,,,,6.6,3.7,,4.1
"Glens Falls, NY",New York,2020,49.8,,2.4,5.7,8.7,0.8,1.9,5,7.7,5.9,1.9,9.8
"Goldsboro, NC",North Carolina,2020,39.8,,,,,,,,,,,8.8
"Grand Forks, ND-MN",North Dakota,2020,50.8,,2.9,4.1,10.2,0.4,1.7,3.4,9.3,5,1.8,12.1
"Grand Island, NE",Nebraska,2020,40.3,,,,,,,,,,,6.3
"Grand Junction, CO",Colorado,2020,61.7,,5.7,3,12.9,0.5,3.1,4.9,11.7,6.8,2.5,10.6
"Grand Rapids-Kentwood, MI",Michigan,2020,521.8,,24.5,107.4,94.2,5.7,26.6,69.3,90.8,37.1,19.9,46.3
"Grants Pass, OR",Oregon,2020,26.5,0.1,1.2,2.9,5.3,0.3,1.6,2.1,5.6,3.1,0.9,3.4
"Great Falls, MT",Montana,2020,34.3,,,,7.4,,,3.2,7.3,4.2,,5.4
"Greeley, CO",Colorado,2020,105.5,,17.1,13.8,19.3,0.5,4.5,11,10.2,8.5,3.6,17.1
"Green Bay, WI",Wisconsin,2020,170.7,,8.3,30.3,32.7,1.4,11.9,19,26.3,13.3,8,19.5
"Greensboro-High Point, NC",North Carolina,2020,342.3,,15.8,50.1,76.1,4.4,18.4,44.8,49.6,30.1,11.4,41.7
"Greenville, NC",North Carolina,2020,78,,3.3,6.5,11.4,0.5,2.4,6.7,9.3,8.1,2.1,27.5
"Greenville-Anderson, SC",South Carolina,2020,409.6,,19.3,54.7,75.8,6.1,19.6,68.6,51.1,39.2,13.6,61.7
"Gulfport-Biloxi, MS",Mississippi,2020,149.9,,7.4,17.7,23.9,1.2,5.1,16.1,12.1,27.1,5,34.4
"Hagerstown-Martinsburg, MD-WV",Maryland,2020,99.1,,4,9.3,25.8,1.7,5.1,9.7,15.7,8.3,2.5,17
"Hammond, LA",Louisiana,2020,45,,,,,,,,,,,11.5
"Hanford-Corcoran, CA",California,2020,39.1,,0.9,4.6,6.7,0.1,0.9,1.2,6.5,3.4,0.6,14.3
"Harrisburg-Carlisle, PA",Pennsylvania,2020,330.5,,11.6,21.3,72.2,3.1,21.1,48,58.8,23.6,13.9,56.9
"Harrisonburg, VA",Virginia,2020,66,,,,13.1,,,,,,,12.1
"Hartford-East Hartford-Middletown, CT",Connecticut,2020,546.1,,19.1,56.5,85.8,9.2,54.9,70,105.8,35.4,20.1,89.3
"Hattiesburg, MS",Mississippi,2020,63,,,4.6,13,,,,,7.3,,14.1
"Hickory-Lenoir-Morganton, NC",North Carolina,2020,147.9,,4.7,38.9,30.2,0.7,3.2,13,18.5,12.4,4.4,21.9
"Hilton Head Island-Bluffton, SC",South Carolina,2020,79.7,,,,,,,,,,,11.7
"Hinesville, GA",Georgia,2020,20.5,,,,,,,,,,,7.9
"Homosassa Springs, FL",Florida,2020,31.9,,,,,,,,,,,4.3
"Hot Springs, AR",Arkansas,2020,37.6,,,,,,,,,,,4.2
"Houma-Thibodaux, LA",Louisiana,2020,81.9,5.2,4.3,,21.8,,,,,7.4,,10.8
"Houston-The Woodlands-Sugar Land, TX",Texas,2020,2990.9,68.6,215.5,218.7,612.2,29.4,164.5,487.4,395.4,281.8,104.2,413.3
"Huntington-Ashland, WV-KY-OH",West Virginia,2020,127.9,,7.3,10.4,25.1,1.1,4.3,12.6,28.1,12.4,4,22.6
"Huntsville, AL",Alabama,2020,240.9,,9.7,26.2,34.4,2.2,7.1,60.8,21.4,19.3,8.2,51.7
"Idaho Falls, ID",Idaho,2020,71.2,,4.6,4.8,14.3,0.6,2.6,15.5,12,6.4,2.1,8.4
"Indianapolis-Carmel-Anderson, IN",Indiana,2020,1044.6,0.7,55.3,89.8,224.5,12.1,70.8,165.6,160.4,90.6,39.8,135
"Iowa City, IA",Iowa,2020,95.5,,,,16,,,6,,7.9,,39.3
"Ithaca, NY",New York,2020,58,,1.2,2.4,5.4,0.5,1.6,3.5,30.7,3.1,1.6,8.1
"Jackson, MI",Mississippi,2020,264.7,0.8,10.5,18.6,50.3,3.2,15,33.4,42,22.9,12.6,55.4
"Jackson, MS",Michigan,2020,53.9,,2,8.8,11.8,0.2,2.2,5,10,4.1,2.2,7.7
"Jackson, TN",Tennessee,2020,67.3,,3.1,10.6,11.8,0.5,2.1,6.6,11,5.6,2.1,14
"Jacksonville, FL",Florida,2020,704.3,0.4,46,32.5,153.7,9,68,108.9,109.9,73.6,25,77.5
"Jacksonville, NC",North Carolina,2020,48.6,,,,,,,,,,,14.1
"Janesville-Beloit, WI",Wisconsin,2020,66.3,,3.5,10.3,16,1.1,1.8,6,10.4,6,3.2,8.2
"Jefferson City, MO",Missouri,2020,76.3,,,,13.4,,,,,,,24.2
"Johnson City, TN",Tennessee,2020,78.7,,2.5,7.9,13.6,1.1,4.6,8.3,13.7,8.3,2.7,16.1
"Johnstown, PA",Pennsylvania,2020,49.3,,1.7,3.9,9.6,0.7,2.4,4.5,13.1,3.6,2.5,7.2
"Jonesboro, AR",Arkansas,2020,58.2,,,,,,,,,,,8.6
"Joplin, MO",Missouri,2020,76.7,,,13.1,18.9,,,,13.2,,,9.1
"Kahului-Wailuku-Lahaina, HI",Hawaii,2020,60.8,,4.2,1,12.9,0.4,2.4,5.5,8.8,14.2,2.7,8.8
"Kalamazoo-Portage, MI",Michigan,2020,138.9,,6.4,21.6,25.2,0.8,7.8,15.7,24.5,12.6,4.8,19.5
"Kankakee, IL",Illinois,2020,42.9,,1.3,7.2,9,0.3,1.4,5.1,8.2,3.4,1.5,5.5
"Kansas City, MO-KS",Missouri,2020,1050.4,,52.6,78.7,210.3,15,79.4,182.6,154.8,90.6,40.4,146.1
"Kennewick-Richland, WA",Washington,2020,113.4,,10.3,8.3,19.3,0.7,4.1,21.2,18,9.6,3.6,18.3
"Killeen-Temple, TX",Texas,2020,141.7,,6.9,7.5,27.2,1.1,6.1,12.3,23.5,14.5,4.6,38
"Kingsport-Bristol, TN-VA",Tennessee,2020,115.8,,5.3,19.9,22.9,1.1,3.6,13.4,17.2,11.4,5.3,15.7
"Kingston, NY",New York,2020,56,,2.6,3.1,10.8,0.8,2.2,4.4,9.7,6.2,2.4,13.7
"Knoxville, TN",Tennessee,2020,394.6,,18.5,40.9,78,5.7,19.3,65.2,54.9,38.5,15.8,57.9
"Kokomo, IN",Indiana,2020,37.5,,1.3,10.9,6.3,0.2,1.2,,,3.8,1.8,4.4
"La Crosse-Onalaska, WI-MN",Wisconsin,2020,73.9,,3,8.2,15.2,0.8,4.2,5.6,17,6.5,4.3,9.1
"Lafayette, LA",Louisiana,2020,191,10.8,9.3,14.5,39.7,2.1,10.4,21.1,31.8,18.5,6.6,26.2
"Lafayette-West Lafayette, IN",Indiana,2020,98.8,,3.8,18.5,13.9,0.6,3.2,7.1,13.2,8.8,4.1,25.5
"Lake Charles, LA",Louisiana,2020,96.3,0.3,15,10.5,16.2,,,9.1,,11.5,,14.3
"Lake Havasu City-Kingman, AZ",Arizona,2020,51.2,,3.7,3,12.7,0.5,1.9,3.9,8.9,6.8,1.8,8
"Lakeland-Winter Haven, FL",Florida,2020,237.4,,15,17.9,65.3,1.8,14.1,32.5,34.7,21.2,6.3,28.7
"Lancaster, PA",Pennsylvania,2020,241.9,,17.8,35.2,57.2,2.4,9.5,24.6,45.7,18.8,11.3,19.4
"Lansing-East Lansing, MI",Michigan,2020,216.6,,8,17.8,33.5,3.1,17.3,21.9,30.7,13.8,8.8,61.7
"Laredo, TX",Texas,2020,100.9,,3.3,0.7,30.6,0.6,3.6,9.4,16.9,9.8,2.3,23.8
"Las Cruces, NM",New Mexico,2020,70.5,,3.8,2.8,10.8,0.5,2.3,6.9,16.2,6.8,1.4,19.1
"Las Vegas-Henderson-Paradise, NV",Nevada,2020,909.1,0.4,67.6,24,179.9,9.5,51.6,134.9,102.5,207.2,27.8,103.7
"Lawrence, KS",Kansas,2020,48.7,,,,7,,,5.2,5.4,5.4,,14.9
"Lawton, OK",Oklahoma,2020,42.9,,1.5,3.4,6.5,0.8,2,4.2,4.1,4.7,1.2,14.6
"Lebanon, PA",Pennsylvania,2020,50.3,,,9,11.7,,,,8.6,,,8.1
"Lewiston, ID-WA",Idaho,2020,28,0.2,1.6,4,5.2,0.4,1.5,1.4,5.3,2.6,0.9,5.1
"Lewiston-Auburn, ME",Maine,2020,48.8,,3,5,9.9,0.4,2.2,6.2,11.8,3.3,1.4,5.5
"Lexington-Fayette, KY",Kentucky,2020,264.2,,13.5,28.3,50,2.5,9.8,37.8,34.7,25.7,9.5,52.5
"Lima, OH",Ohio,2020,50.1,,2.1,8.5,9.3,,,5.3,10.6,4.3,,5.9
"Lincoln, NE",Nebraska,2020,185.1,,9.7,12.9,32.4,3.2,12.7,21.6,29.9,15.4,6.9,40.5
"Little Rock-North Little Rock-Conway, AR",Arkansas,2020,348.8,,17.7,19.4,68.2,5.3,22.2,43.4,57,29.2,17.7,68.7
"Logan, UT-ID",Utah,2020,64.7,,3.5,12.8,9.9,0.5,1.8,8.2,7.5,4.9,1.1,14.6
"Longview, TX",Texas,2020,92.8,,12.5,9,19.1,1,4.4,8.7,15.2,8.3,2.8,12
"Longview, WA",Washington,2020,39.5,,3.5,6.5,7.9,,,,6.9,3.1,,6
"Los Angeles-Long Beach-Anaheim, CA",California,2020,5671.4,2,247.4,462.8,1028.9,210,326.8,900.3,1044.9,555.9,171,721.4
"Louisville/Jefferson County, KY-IN",Kentucky,2020,635.7,,28,78.5,149.4,8.3,47.2,81.1,93.4,55.3,23.4,71.1
"Lubbock, TX",Texas,2020,145.4,,8.8,4.8,30,2.7,7.7,12,22.1,18.3,5.7,33.3
"Lynchburg, VA",Virginia,2020,100.4,,6,14.2,18.8,0.6,5.2,10.7,19.1,9.2,4.1,12.6
"Macon-Bibb County, GA",Georgia,2020,98.2,,,,18.8,,9.7,11.2,20.9,9.5,,14.2
"Madera, CA",California,2020,38.5,,2,3.1,5.9,0.3,0.7,2.8,8.9,3.3,0.9,10.7
"Madison, WI",Wisconsin,2020,390.2,,17.8,35.4,61.4,17.4,23.7,52.1,49.7,28,20.4,84.4
"Manchester-Nashua, NH",New Hampshire,2020,107.5,,5.4,7.6,19.4,3.2,7.8,16.2,24.5,7.8,4.1,11.5
"Manhattan, KS",Kansas,2020,39.2,,,,,,,,,,,12.3
"Mankato, MN",Minnesota,2020,54.6,,,,,,,,,,,9.4
"Mansfield, OH",Ohio,2020,48.5,,2.1,9,9.6,,1.3,4.2,7.8,4.9,2,7.4
"McAllen-Edinburg-Mission, TX",Texas,2020,262.6,,7.6,6.8,51.1,2.6,8.9,17.8,80,23,5.2,59.6
"Medford, OR",Oregon,2020,85.7,0.5,4.6,7.7,19.4,1.1,4.1,7.5,17.8,9.2,2.5,11.2
"Memphis, TN-MS-AR",Tennessee,2020,626.4,,23.7,43.6,173.3,5.1,29,91,94.9,56.3,26.8,82.8
"Merced, CA",California,2020,66.9,,2.6,9.9,13.1,0.2,1.8,4.1,10.3,5.3,1.3,18.3
"Miami-Fort Lauderdale-Pompano Beach, FL",Florida,2020,2540.5,0.8,138.9,87.6,577.6,47.1,187.7,434.8,396.6,256.4,106.2,306.9
"Michigan City-La Porte, IN",Indiana,2020,39.3,,2,7.7,8,0.2,1.2,2.6,5.6,4.6,1.1,6.2
"Midland, MI",Texas,2020,97.8,,29.8,3.5,19.8,0.7,4.7,9.5,6.8,9.6,3.6,9.8
"Midland, TX",Michigan,2020,34.9,,,,,,,,,,,2.8
"Milwaukee-Waukesha, WI",Wisconsin,2020,818.2,0.5,32.7,112.5,140,12.4,50.1,115.9,167.9,62.4,43.8,80.1
"Minneapolis-St. Paul-Bloomington, MN-WI",Minnesota,2020,1887,,83.7,192.3,335.7,32.7,160.5,309.3,328.5,136.2,68.3,239.7
"Missoula, MT",Montana,2020,60.3,,,,12.1,,,6.9,10.7,7.2,,10.4
"Mobile, AL",Alabama,2020,178.4,,11.2,18.1,36.1,1.9,8.3,24.1,27.3,15.5,11.3,24.7
"Modesto, CA",California,2020,172.8,,9.8,21.1,37.1,0.8,5,14.9,34.3,15.7,5.1,29
"Monroe, LA",Michigan,2020,37.5,,1.8,5.2,10.1,,0.9,4.8,4.5,3.6,1.4,5
"Monroe, MI",Louisiana,2020,74.1,,,5.8,13.5,,,8.4,15.3,7.1,,12.1
"Montgomery, AL",Alabama,2020,168.9,,6.5,17.3,29.2,1.7,7.4,19.9,19.2,14.6,9.2,44
"Morgantown, WV",West Virginia,2020,67.1,,,3.4,,,,8.1,15.6,5.6,,17.3
"Morristown, TN",Tennessee,2020,46,,1.9,11.8,9.6,0.3,0.9,4.3,5.6,3.9,1.2,6.6
"Mount Vernon-Anacortes, WA",Washington,2020,48.6,,4.2,6.2,9.6,,,,,4.3,,11
"Muncie, IN",Indiana,2020,47.5,,1.6,3.4,8.3,0.3,2.2,,9.2,4.7,1.8,11.1
"Muskegon, MI",Michigan,2020,57.9,,2.3,11.8,13.2,0.3,1.7,3,10.6,6.3,1.8,6.9
"Myrtle Beach-Conway-North Myrtle Beach, SC-NC",South Carolina,2020,162.2,,10.6,4.5,36.3,2.2,8.8,15.5,19,36.3,6.2,22.7
"Napa, CA",California,2020,66,,4.1,12.9,9.7,0.2,2.1,6.8,9.8,9.1,1.7,9.7
"Naples-Marco Island, FL",Florida,2020,148.4,,17.3,4.9,28.2,1.3,8.6,17.3,23,25.4,8.5,13.9
"Nashville-Davidson--Murfreesboro--Franklin, TN",Tennessee,2020,1000.2,,49.6,78.6,198.7,23.9,70.5,169.5,151.9,97.4,40.4,119.7
"New Bern, NC",North Carolina,2020,43.6,,,,,,,,,,,14.1
"New Orleans-Metairie, LA",Louisiana,2020,529.7,3.8,26.8,29,104.5,6,29.6,71,100.5,65.3,21.2,71.9
"New York-Newark-Jersey City, NY-NJ-PA",New York,2020,8963.9,,373.8,327.1,1540.4,289.9,765.4,1472,1931,620,348.1,1296.2
"Niles, MI",Michigan,2020,57.6,,2.1,11.7,10.2,0.4,2.5,5.3,9.3,5.9,2,8.1
"North Port-Sarasota-Bradenton, FL",Florida,2020,299.2,,26.6,16.2,57.7,3.5,15.5,43,55.3,39.3,14,28.2
"Norwich-New London, CT",Connecticut,2020,113.4,,3.9,17.4,20,1.3,2.7,8.6,20.2,12.2,2.8,24.3
"Ocala, FL",Florida,2020,105.8,,8.6,9.5,26.2,0.5,3.8,9.8,18.3,11.7,2.8,14.7
"Ocean City, NJ",New Jersey,2020,39.4,,,,7.5,,,,4.5,9.7,,8
"Odessa, TX",Texas,2020,71.8,,15.6,4.2,17,0.6,3.2,4.1,5.1,8.1,3.2,10.6
"Ogden-Clearfield, UT",Utah,2020,266.1,,21.3,34.7,46.9,1.6,11.2,32,34.8,22.7,6.7,54.1
"Oklahoma City, OK",Oklahoma,2020,628,10.5,31.4,32.1,115.7,6.1,33.7,81.7,96.6,65.6,27,127.8
"Olympia-Lacey-Tumwater, WA",Washington,2020,115.5,,6.7,3,18.7,1.3,4,11.6,18,9.1,4.7,38.4
"Omaha-Council Bluffs, NE-IA",Nebraska,2020,485.7,,30.4,33,91.8,9.9,45.5,70.9,78,43.3,17.7,65.2
"Orlando-Kissimmee-Sanford, FL",Florida,2020,1198.8,0.2,83,48.3,228.1,24.4,76.8,217.1,157,197.9,39.6,126.3
"Oshkosh-Neenah, WI",Wisconsin,2020,92.9,,5.6,21.7,14.5,1.5,4.4,11.9,11.3,6.1,5,11
"Owensboro, KY",Kentucky,2020,49.8,,2.3,8.6,9.5,0.3,3.4,4.1,9.5,4.3,1.4,6.3
"Oxnard-Thousand Oaks-Ventura, CA",California,2020,290.6,0.9,16.7,25.6,53.6,3.9,15.7,42.6,48.5,29.9,8.2,44.9
"Palm Bay-Melbourne-Titusville, FL",Florida,2020,224.8,,16.1,28.8,37,1.9,8.8,36.5,35.2,24.2,8.1,28.3
"Panama City, FL",Florida,2020,78.3,,7,3.2,15.8,0.6,4.7,10,9.5,11.8,2.6,13.2
"Parkersburg-Vienna, WV",West Virginia,2020,35.7,,,2.6,,,,,6.7,,,7.6
"Pensacola-Ferry Pass-Brent, FL",Florida,2020,181.8,,11.9,6.9,33.6,1.5,15.2,24.6,30.6,22.9,6.4,28.3
"Peoria, IL",Illinois,2020,160.3,,7.6,21.3,30.3,1.6,7.1,21,30.9,13.9,7.4,19.1
"Philadelphia-Camden-Wilmington, PA-NJ-DE-MD",Pennsylvania,2020,2760.1,,113.1,174.5,497.7,50.7,215.3,447.6,634.5,196,101.3,329.3
"Phoenix-Mesa-Chandler, AZ",Arizona,2020,2119.5,3,135.1,133,412.7,37.6,204.4,357.5,337.8,192.5,65.4,240.5
"Pine Bluff, AR",Arkansas,2020,31.5,,,,,,,,,,,8.9
"Pittsburgh, PA",Pennsylvania,2020,1096,8.9,56.3,80.5,193.4,17.9,75.5,172.3,248.8,88.6,42.8,111
"Pittsfield, MA",Massachusetts,2020,36.3,,2,2.8,6.5,0.7,1.8,4.3,8.5,3.5,1.2,5.1
"Pocatello, ID",Idaho,2020,36.8,,1.9,2.3,6.8,0.2,1.6,4.4,6.4,3.9,1.1,8.3
"Portland-South Portland, ME",Florida,2020,151.1,,12.2,7.4,30.7,1.1,5.9,21.5,27.7,17.9,7.4,19.1
"Portland-Vancouver-Hillsboro, OR-WA",Maine,2020,197.6,,10.1,14,35.8,2.9,17,28.8,41.7,17.5,7.1,22.7
"Port St. Lucie, FL",Oregon,2020,1143.1,1.2,73.5,121.3,215.9,25,72.4,182.6,177.9,90.2,37.9,145.2
"Poughkeepsie-Newburgh-Middletown, NY",New Hampshire,2020,88.3,,2.8,8.9,15.5,2.1,5.4,13.7,13.6,9.3,2.5,14.6
"Prescott Valley-Prescott, AZ",Arizona,2020,63.6,,6.4,3.6,12.6,0.5,2.2,4.6,12,8.8,2.3,10.7
"Provo-Orem, UT",Utah,2020,270.6,,26.2,20.1,45,13.5,10.9,40.7,54.3,21.4,5.8,32.8
"Pueblo, CO",Colorado,2020,62.2,,3.7,4.5,11.8,0.5,1.8,6.9,12.9,5.8,2.1,12.2
"Punta Gorda, FL",Florida,2020,48.3,,4.4,0.8,11.6,0.3,2.2,4.5,9.5,6.7,2.3,6
"Racine, WI",Wisconsin,2020,73.9,,3.1,17,14.2,0.4,2.3,6.1,11.6,6.6,3.6,9.1
"Raleigh-Cary, NC",North Carolina,2020,624.1,,41.8,30.2,113.9,22.2,33.5,125.4,78.9,57.1,25,96.1
"Rapid City, SD",South Dakota,2020,66.5,,5.1,2.8,13.1,0.7,3.5,6,12.1,8.9,3.4,10.8
"Reading, PA",Pennsylvania,2020,165.8,,7.4,29.1,31.1,0.9,6,22.4,30.9,11.5,7,19.7
"Redding, CA",California,2020,65.5,,4.3,2.5,13,0.5,2.8,5.8,15.4,5.8,2.2,13.3
"Reno, NV",Nevada,2020,235.1,0.4,18.1,24.3,52.8,2.9,11,32.5,27.3,30.4,5.9,29.5
"Richmond, VA",Virginia,2020,651.6,,39.7,30.7,120.2,6.4,53.3,114.1,97.1,52.6,28.3,109.2
"Riverside-San Bernardino-Ontario, CA",California,2020,1487.8,1.3,105,94.3,403.8,9.4,43.7,154,248.7,139.2,39.6,249.1
"Roanoke, VA",Virginia,2020,155,,9,14.9,31.8,1.2,7.9,21.4,27.5,12.7,6.4,22.3
"Rochester, MN",New York,2020,490.8,0.6,20.5,54,77.4,6.6,21.5,61.6,123.7,34.5,16.1,74.1
"Rochester, NY",Minnesota,2020,118.5,,5,10.4,16.7,1.4,2.8,5.5,51.6,9.1,3.5,12.6
"Rockford, IL",Illinois,2020,138.6,,5.1,28.9,28.6,1.2,4.8,12.1,24.1,11.5,7.8,14.6
"Rocky Mount, NC",North Carolina,2020,53.1,,2.5,10.1,11.5,,,4.7,6.2,4.7,,9.9
"Rome, GA",Georgia,2020,39.9,,,5.9,7.5,,,,10.7,,,5.6
"Sacramento-Roseville-Folsom, CA",California,2020,970.2,0.6,70.1,35.9,156.3,10.1,51.8,132.5,163,83.7,30.6,235.6
"Saginaw, MI",Michigan,2020,78.9,,3,10.6,15.4,1.1,3.7,10,15.4,6.7,2.6,10.5
"Salem, OR",Oregon,2020,165,0.6,12.6,11.9,28.6,1.3,6.9,14.5,29.7,13.2,4.9,40.7
"Salinas, CA",California,2020,132,0.2,6.2,4.7,24.6,0.8,4.1,14.4,19.9,18.8,4.4,33.8
"Salisbury, MD-DE",Delaware,2020,152.9,,9.3,13.8,30.3,1.1,6.3,14.5,26.1,23.3,5,23.4
"Salt Lake City, UT",Utah,2020,736.7,,49.9,58.1,148.5,20.3,61.5,130.4,85.3,53.9,20.9,107.9
"San Angelo, TX",Texas,2020,47.7,,3.4,3.1,9.4,0.6,2.5,4.2,7.9,5.5,1.9,9.2
"San Antonio-New Braunfels, TX",Texas,2020,1030.6,7.2,56.4,49.8,180.7,18.4,93.8,141.7,162.1,112.3,34.9,173.4
"San Diego-Chula Vista-Carlsbad, CA",California,2020,1385.3,0.3,81.9,113.8,208.5,22.1,74.3,247.7,210.2,144.9,44.5,237.1
"San Francisco-Oakland-Berkeley, CA",California,2020,2270.6,0.3,120.2,139.9,339.5,133.7,141,482.1,350.9,184.8,70.2,308
"San Jose-Sunnyvale-Santa Clara, CA",California,2020,1078.7,0.2,50.1,168.7,118,106,38,237.9,171.7,71.7,22.2,94.3
"San Luis Obispo-Paso Robles, CA",California,2020,108.5,,8.3,7.3,18.8,1.1,3.7,10.5,16.8,15.2,3.3,23.3
"Santa Cruz-Watsonville, CA",California,2020,93.2,,4.4,6.8,15.7,0.6,3.2,10.4,17,10,4.5,20.5
"Santa Fe, NM",New Mexico,2020,57.1,,3,0.8,9.4,0.8,2.3,5.2,9.9,8.3,3.2,14.4
"Santa Maria-Santa Barbara, CA",California,2020,181.5,0.8,8.8,11.9,25.5,3.9,6.7,32.1,28,21.7,5.6,36.6
"Santa Rosa-Petaluma, CA",California,2020,190.1,0.2,15.9,22.2,34,2.3,7.5,22.5,34.1,18.4,5.9,27.1
"Savannah, GA",Georgia,2020,180.5,,8.4,17.5,42.9,1.8,6.1,23.9,26,22.5,7,24.6
"Scranton--Wilkes-Barre, PA",Pennsylvania,2020,244.3,,9.8,26.9,61.9,2.6,13,25.5,51.5,17.8,7.5,27.9
"Seattle-Tacoma-Bellevue, WA",Washington,2020,1974.3,1.1,124.9,168.4,390.3,133.7,100.4,295.7,272.1,150.6,71.1,266
"Sebastian-Vero Beach, FL",Florida,2020,52,,4.4,2.2,10.4,0.5,2.7,6.2,10.8,7.1,2.7,5.2
"Sebring-Avon Park, FL",Florida,2020,24.9,,,,,,,,,,,4.2
"Sheboygan, WI",Wisconsin,2020,60,,2.3,20.8,9,0.2,3,4,8,4.6,2.6,5.5
"Sherman-Denison, TX",Texas,2020,47.7,,3,5.3,8.9,0.4,2.5,3.5,10.9,5.1,0.9,7.2
"Shreveport-Bossier City, LA",Louisiana,2020,167.8,4,7.4,9.9,35,1.5,7.3,17.1,31.6,18.8,5.8,29.5
"Sierra Vista-Douglas, AZ",Arizona,2020,34.4,,3,0.6,6.2,0.3,0.8,4.5,4.4,3.1,0.7,10.8
"Sioux City, IA-NE-SD",Iowa,2020,84.3,,,17.4,18.3,,,7.7,,7.1,,10.3
"Sioux Falls, SD",South Dakota,2020,155.8,,9.4,14,31.8,2.5,15.4,15.3,33.8,13.3,5.8,14.4
"South Bend-Mishawaka, IN-MI",Indiana,2020,134.1,,5.5,15.7,24.9,1.2,5.9,13.4,35.5,12.2,5.1,14.5
"Spartanburg, SC",South Carolina,2020,159.4,,7.5,36,35,0.6,4.9,17.4,14.7,12.9,5,25.4
"Spokane-Spokane Valley, WA",Washington,2020,243.5,,14.9,17,45.5,3.2,14.6,25.7,53.2,19.3,9.8,40.4
"Springfield, IL",Illinois,2020,101.4,,3.6,3.2,15.7,2,6.2,10,20.6,8.3,5.8,26.1
"Springfield, MA",Massachusetts,2020,306.6,,11.5,28.3,55.7,2.7,15.1,24,76.4,23,10.7,59.3
"Springfield, MO",Missouri,2020,211.8,,9.7,16.6,48.1,3.8,11.6,23.3,40.7,19.6,8.6,29.6
"Springfield, OH",Ohio,2020,46.4,,1.2,6.2,9,,3.3,5.4,8.1,4.5,1.8,6.8
"St. Cloud, MN",Minnesota,2020,103.9,,7.2,14.2,21.1,1.4,5.5,8.1,21.3,6.7,3.5,14.9
"St. George, UT",Utah,2020,71,,9.1,3.7,15.6,0.7,2.9,6.1,12.5,9.3,2.1,9.1
"St. Joseph, MO-KS",Missouri,2020,60.3,,,,10.6,,,,,,,10.8
"St. Louis, MO-IL",Missouri,2020,1327.5,,66,113.5,254.3,25.4,90.6,204.9,254.4,119.5,47,151.8
"State College, PA",Pennsylvania,2020,73.5,,,4.2,9,,,5.9,9.5,5.2,,31.1
"Staunton, VA",Virginia,2020,49.7,,,,,,,,,,,8.5
"Stockton, CA",California,2020,242.3,0.1,12.9,20.5,73.4,1.2,7.8,21.1,37.1,18.4,6.7,43.1
"Sumter, SC",South Carolina,2020,37.5,,,6.5,,,,,,,,6.4
"Syracuse, NY",New York,2020,294.2,,12.5,24.5,56.2,3.7,14.3,34.5,60.8,21.1,10.2,56.4
"Tallahassee, FL",Florida,2020,178.7,,8.3,3.4,23.5,3.1,7.5,22.5,24.4,16.6,8.8,60.6
"Tampa-St. Petersburg-Clearwater, FL",Florida,2020,1341.2,0.3,83.2,67,248.5,24.2,124,248,213,134,43.9,155.1
"Terre Haute, IN",Indiana,2020,63.8,,3.6,9,12.3,0.5,2.4,3.9,11.8,6.6,2.4,11.3
"Texarkana, TX-AR",Texas,2020,57.5,,2.8,5.3,12.6,0.2,2.2,4.1,9.4,6.4,1.9,12.7
"The Villages, FL",Florida,2020,31.5,,,,,,,,,,,5.2
"Toledo, OH",Ohio,2020,286.7,,13.9,43.8,54.6,3,10.9,32.3,48.2,27.2,10.2,42.6
"Topeka, KS",Kansas,2020,107.1,,5.4,8,16.7,1.2,7,12.3,18.7,7.4,4.6,26
"Trenton-Princeton, NJ",New Jersey,2020,267.1,,5.3,10.2,37.3,4.2,19.9,47.6,47.9,10.7,8.8,75.1
"Tucson, AZ",Arizona,2020,373.1,1.9,18,27.3,64,5.1,17.5,47.7,67.4,35.8,12.8,75.7
"Tulsa, OK",Oklahoma,2020,437.2,5.2,24.6,50.7,82.3,6.1,22.2,58.8,71.6,40.9,19.1,55.7
"Tuscaloosa, AL",Alabama,2020,104.7,,6.9,16.6,15.9,1.1,4.1,9.7,8.8,9.6,4.2,27.8
"Twin Falls, ID",Idaho,2020,46.5,,,,,,,,,,,6.2
"Tyler, TX",Texas,2020,104.7,,6.2,7,23.4,1.4,4.3,10.2,23.6,10.4,3.9,14.6
"Urban Honolulu, HI",Hawaii,2020,409.8,,26.2,9.3,73.3,6,21.7,52.3,61.9,48.6,17.7,92.7
"Utica-Rome, NY",New York,2020,117.7,,3.3,10.4,19.3,0.9,7.4,7.6,26.5,8.4,4.1,29.8
"Valdosta, GA",Georgia,2020,55,,,,13,,,,,,,12.8
"Vallejo, CA",California,2020,132.9,0.4,10.9,12.3,25.8,0.9,4.9,9.4,28.5,12.3,4,23.5
"Victoria, TX",Texas,2020,38.1,,3.4,2,9.9,0.3,1.6,2.2,6.1,4,1.5,7.2
"Vineland-Bridgeton, NJ",New Jersey,2020,56,,3,8.3,13.3,0.6,1.1,4.7,10.6,2.9,1.4,10.2
"Virginia Beach-Norfolk-Newport News, VA-NC",Virginia,2020,755.4,,39.2,56.8,125.2,9.4,38.7,111.5,109.1,76.3,31.6,157.5
"Visalia, CA",California,2020,123.9,,6.5,12.6,26.9,0.6,3.8,10.9,17.4,10.6,3.1,31.6
"Waco, TX",Texas,2020,120.9,,7.9,15.2,21.4,0.9,7.3,13.1,20.6,11.3,3.4,19.8
"Walla Walla, WA",Washington,2020,27.8,,1.1,4.1,3.9,0.3,1,1,6.9,2.2,0.6,6.7
"Warner Robins, GA",Georgia,2020,76,,,,11.1,,,,,,,27.9
"Washington-Arlington-Alexandria, DC-VA-MD-WV",District of Columbia,2020,3898.2,,176.2,55.2,411.6,94.1,184.6,935.2,546.4,287.7,266.4,941
"Waterloo-Cedar Falls, IA",Iowa,2020,85.8,,,15.8,17.1,,4.8,6.4,13.7,6.7,,13
"Watertown-Fort Drum, NY",New York,2020,38,,1.7,1.8,7.7,0.5,1.3,2,6.6,3.7,1.6,11.3
"Wausau-Weston, WI",Wisconsin,2020,69.9,,2.5,18.2,13,0.4,5.3,5.6,9.6,5,3.1,7.2
"Weirton-Steubenville, WV-OH",Ohio,2020,37.9,,1.5,4.6,7.8,,,1.9,8.7,3.9,,6.7
"Wenatchee, WA",Washington,2020,43.3,,2.8,2.3,9.5,,,,7.6,5.3,,9
"Wheeling, WV-OH",West Virginia,2020,59,,,3,,,,,11.2,,,9.2
"Wichita, KS",Texas,2020,56.7,,2.8,4.8,10.4,0.6,2.6,4.2,11,6.1,2,12.3
"Wichita Falls, TX",Kansas,2020,287.5,,16.9,46.5,48.3,3.6,11.8,34,46.9,28.7,10.2,40.7
"Williamsport, PA",Pennsylvania,2020,49.5,,,7.6,9.5,,,,10.1,3.7,,6.9
"Wilmington, NC",North Carolina,2020,126.2,,9.4,5.3,25.1,3.2,6.1,16.7,15.6,16.8,4.4,23.8
"Winchester, VA-WV",Virginia,2020,64.7,,,,14.2,,,,,,,10
"Winston-Salem, NC",North Carolina,2020,258.2,,11.7,32.2,47.4,1.6,13.4,34.3,55.4,24.2,8.2,29.9
"Yakima, WA",Washington,2020,83.1,,4.1,8.2,19.1,,,4.3,18,6.5,,17.2
"York-Hanover, PA",Pennsylvania,2020,175.4,,11.6,30.4,36.5,0.7,5.2,21.5,28.1,13.1,8.9,19.2
"Youngstown-Warren-Boardman, OH-PA",Ohio,2020,198.9,,8.9,23.1,42.3,1.5,6.9,18.2,41.4,20.7,8.4,27.5
"Yuba City, CA",California,2020,45.6,,2.8,2.1,9.6,0.2,1.4,3.4,8.7,3.9,1.1,12.3
"Yuma, AZ",Arizona,2020,55.7,,3.5,2.7,11.3,0.3,2,6.7,7.8,5.6,1.7,14.1
"Bridgeport-Stamford-Norwalk, CT",Connecticut,2020,440.5,,12.2,27.1,77.5,11.5,35.8,70.8,70.5,38.5,15.1,50.8
"Boston-Cambridge-Newton, MA-NH",Massachusetts,2020,2622.4,,115.6,182.8,397.1,80,184.1,505.3,562,196.5,86.8,312.4
"Providence-Warwick, RI-MA",Rhode Island,2020,608.4,0.2,26.6,53.7,104.6,6.6,38.5,76.8,134.5,58.1,25.3,83.5
"New Haven-Milford, CT",Connecticut,2020,340.6,,13.2,30.2,65.2,4.3,13.6,34.4,98.2,24,12.2,45.5
"Worcester, MA-CT",Massachusetts,2020,315.2,,12.5,32.6,59.4,3.2,15.6,31.4,76.3,23.5,10.2,50.5
